,Unnamed: 0,name,disposition,period_p,period_p_error,epoch_p,epoch_p_err,duration,radius_p,a/R*,ecc,ecc_err,omega,omega_err,ecosw,ecc_source,mass_p,mass_p_err,predicted_K_p,mass_sigma_needed,current_mass_sigma,logg_p,teq_p,teff_*,mass_*,radius_*,met_*,RA,dec,vmag,hmag,Met*_KIC,KPF_30min_RVSig,Nobs_30m_KPF,logCtoO,mmw,FoM_trans,FoM_emiss,eclipse_depth,LastScheduledTransitDate,LastScheduledTransitSector,LastEM3TransitDate,LastEM3TransitSector,LastEM4TransitDate,LastEM4TransitSector
0,3571,CoRoT-1 b,KP,1.5089557,6.4e-06,2454159.4532,0.0001,2.373,16.7,4.92,0.0,,198.61354882397745,,-0.0,SH,327.35,38.14,188.7253409633501,10.0,8.582852648138438,1.0607358958597155,1898.0,5950.0,0.95,1.11,-0.3,102.0798591,-3.1021394,13.623,12.218,,1.629286269990236,0.022359166646590233,-0.26,2.35,0.7510472452107391,0.0232965824008383,0.0006469820249612,2460688.7045139,87,-1.0,-1,2461939.6287892,6
1,3574,CoRoT-13 b,KP,4.03519,3e-05,2454790.8091,0.0006,3.14,9.92,10.81,0.0,,293.6416893240082,,0.0,SH,415.704,20.976,157.53329481921,0.0,19.818077803203664,1.6169173519967446,1700.0,5945.0,1.09,1.01,0.01,102.7211432,-5.0864557,15.005,13.406,,3.9408270387090916,0.18773761246793894,-0.26,2.35,0.07759556963404,0.0033555169880404,0.0001610495226344,2460686.22169,87,-1.0,-1,2461937.13059,6
2,3580,CoRoT-2 b,KP,1.7429935,1e-06,2454237.53556,0.0002,2.26704,16.432,6.7,0.0143,0.0077,102.0,17.0,-0.0029731371786939,SH,1102.82,69.92,600.8478167374236,0.0,15.772597254004577,1.6022802739675386,1521.0,5625.0,0.96,0.906,0.04,291.7770457,1.3836634,12.516,10.438,,0.7777106731334116,0.0005026068440766474,-0.26,2.35,0.5798549950681058,0.02724652741523,0.0003333582127656,2460531.4850885,81,-1.0,-1,-1.0,-1
3,3623,EPIC 220674823 b,KP,0.5713127,5.5e-06,2457394.00907,0.00067,1.54,1.676,2.855,0.0,,310.2638128643903,,0.0,SH,7.8,0.71,6.38715152936256,0.0,10.985915492957746,1.434703066998832,2299.0,5578.0,0.913,0.99,-0.005,13.0800239,10.7947051,12.101,10.454,,0.6015767295505899,2.661269596111296,-0.26,3.881,0.0661911887181242,0.0017002380860314,2.0956065168120738e-05,2460233.433189,70,2461668.5706914,42,-1.0,-1
4,3646,Gaia-1 b,KP,3.052524,1.7e-05,2458468.68524,0.00057,2.2564388,13.77583728,,0.0071003526473742,,4.967776437840188,,0.0070736805813661,SH,533.95172376,34.96112477,243.4737909006126,0.0,15.272727272727275,1.4404224772634335,1159.07,5470.0,0.949,0.952,0.0,90.6436658,-0.5771099,13.242,11.368,,1.117391892205786,0.006318701663918316,-0.26,2.35,0.3173713557848043,0.0019887873893657,3.734120749251674e-05,2460687.870188,87,-1.0,-1,2461939.405028,6
5,3647,Gaia-2 b,KP,3.6915224,3.9e-06,2458843.98875,0.00019,2.720758,14.81827249,,0.0089994021988238,,297.9064330967134,,-0.0042119815661412,SH,259.66580852,14.93793513,107.38988584210848,0.0,17.382978722307517,1.0639761072567744,1213.23,5720.0,1.0,1.064,0.0,110.7353308,67.2526565,11.277,9.818,,0.41956867494976713,0.004579315919170536,-0.26,2.375,1.3750612203909014,0.0048191136397831,4.431667489092107e-05,2460339.055322,74,2461476.0442212,20,2462317.7113284,20
6,3652,HAT-P-13 b,KP,2.91625,1.5e-05,2454779.92976,0.00075,3.28681,14.258,,0.0133,0.0041,210.0,27.0,-0.011518137870333,SH,270.462,12.077,100.56979768741344,0.0,22.39480003312081,1.1151455273540534,1740.0,5653.0,1.32,1.756,0.46,129.8823772,47.3519076,10.421,9.058,,0.272443975795901,0.0022016106655456807,-0.26,2.52,0.8281653603926976,0.0210806324627707,0.0001366103602103,2459603.40726,47,-1.0,-1,-1.0,-1
7,3654,HAT-P-16 b,KP,2.77596,3e-06,2455027.59293,0.00031,3.0624,14.448,7.17,0.036,0.004,214.0,8.0,-0.0298453526119815,SH,1332.605,29.875,530.8306807988262,0.0,44.60602510460251,1.7962424653875988,1626.0,6158.0,1.218,1.237,0.17,9.5730343,42.4630961,10.911,9.623,,0.39405983929756194,0.00016532311294589926,-0.26,2.35,0.2722593737817971,0.0200480473449081,0.0001685280048227,2460607.2725299997,84,2461395.64517,17,2462236.76105,17
8,3660,HAT-P-22 b,KP,3.21222,9e-06,2458261.30598,6.9e-05,2.653,12.89035,,0.02,0.01,156.0,66.0,-0.018270909152852,SH,785.0401,101.7056,313.2418872663485,10.0,7.71875,1.6655189150182437,1463.0,5302.0,1.13,1.11,0.24,155.6814593,50.1287115,9.763,7.935,,0.17882471300865402,9.777248746471856e-05,-0.26,2.35,0.7979590318595483,0.031703478434721,0.0001224917712492,2460365.31008,75,2461502.4359600004,21,2462344.0376000004,21
9,3661,HAT-P-23 b,KP,1.212884,2e-06,2454852.26464,0.00018,2.1792,15.334,4.14,0.106,0.044,118.0,25.0,-0.0497639856553044,SH,664.237,35.278,368.7788078363815,0.0,18.828646748681894,1.4421686385022996,2056.0,5905.0,1.13,1.203,0.15,306.1239076,16.7621462,11.937,10.846,,0.6052758769663362,0.00080815762320804,-0.26,2.35,0.4970672016937835,0.0456241817930496,0.00067358915933,2460532.200412,81,-1.0,-1,-1.0,-1
10,3662,HAT-P-25 b,KP,3.65281514,7.6e-07,2457759.39314,0.00015,2.81304,12.722215,10.9,0.023,0.022,287.0,52.0,0.0067245492086229,SH,180.84527,7.31009,74.58785860681374,0.0,24.73913043478261,1.0393381858025894,1182.0,5519.0,1.01,0.919,0.294,48.4354731,25.1973548,13.146,10.908,,1.058450191657725,0.06041236376088723,-0.26,2.533,0.926147380760027,0.0025574853815025,3.885198031122833e-05,2460257.91869576,71,2461719.0447517596,44,2462263.31420762,18
11,3664,HAT-P-27 b,KP,3.039577,5e-06,2455407.9088,0.0002,1.68,11.43,9.804,0.0,,0.0,,0.0,SH,197.05,9.53,92.18918342041286,0.0,20.67681007345226,1.1696404713079254,1091.99,5316.0,0.916,0.864673,0.3,222.7673221,5.9473626,12.052,10.249,,0.5410926024961618,0.010334857944210674,-0.26,2.516,0.8772316279781738,0.0018537238527022,2.0789547573830137e-05,2459714.9894089997,51,-1.0,-1,-1.0,-1
12,3667,HAT-P-3 b,KP,2.8997,5.4e-05,2455694.72623,8e-05,2.0808,10.53646,10.05,0.0,,107.7,1.7,-0.0,SH,206.5895,34.9613,89.07909125859949,10.0,5.909090909090908,1.2608752919092596,1189.0,5185.0,1.06,0.87,0.27,206.0940142,48.028565,11.856,9.542,,0.4772138678381228,0.008609854463651123,-0.26,2.491,0.9860373064436082,0.0043522363238457,3.5246213636070735e-05,2460392.24023,76,2461531.8223300003,22,2462210.35213,16
13,3669,HAT-P-32 b,KP,2.1500082,1.3e-07,2455867.402743,4.9e-05,3.12048,22.19382,5.344,0.159,0.051,50.0,27.0,0.1022032299401597,SH,216.1244,34.9613,99.8188004758401,10.0,6.181818181818182,0.6333961746489756,1835.7,6001.0,1.132,1.367,-0.16,31.0427614,46.6878512,11.439,10.024,,0.49880526411072057,0.007491324637864519,-0.26,2.35,4.676672900928587,0.0626369761320487,0.000633331054425,2459909.418159,58,2461420.8739236,18,2462263.6771380003,18
14,3671,HAT-P-36 b,KP,1.32734683,4.8e-07,2457885.383994,9.4e-05,2.232,14.313893,4.95,0.063,0.021,51.0,20.0,0.0396471846361397,SH,587.413406,27.65121,335.4163838329952,0.0,21.24367816091954,1.4485848138471729,1780.97,5620.0,1.03,1.041,0.25,188.2662048,44.9153672,12.146,10.723,,0.6271379888583652,0.0010487667926088197,-0.26,2.35,0.5597118854084077,0.0319043785464556,0.0004450925136146,2460395.39684953,76,2461532.93308284,22,-1.0,-1
15,3674,HAT-P-40 b,KP,4.45724,1e-05,2456651.13368,0.00042,6.1368,17.03768,,0.0,,212.50352900759611,,-0.0,SH,152.5584,41.3179,58.10574646373559,10.0,3.692307692307693,0.7117717039518434,1770.0,6080.0,1.03,1.94,0.22,335.5129199,45.4573423,11.34,10.085,,0.4854803514664121,0.020942397595989377,-0.26,2.522,1.3000730971566512,0.0145546214295183,0.0001513564433056,2460609.1628,84,2461366.8936,16,2462209.31196,16
16,3680,HAT-P-51 b,KP,4.21802091,6.6e-07,2458349.53123,0.00013,3.3672,13.50682174,10.86,0.07,,181.65938016466137,,-0.0699706448562184,SH,97.57332095,6.67439655,39.74502917898802,0.0,14.619047612626492,0.7193812431765024,1168.2,5453.0,0.961,0.995,0.302,21.0651251,32.8107,13.51,11.645,,1.3176714819266313,0.3297386896795855,-0.26,2.747,1.1373355126579363,0.0016441537367833,3.507053764676676e-05,2460606.17241685,84,2461394.94232702,17,2462238.54650902,17
17,3681,HAT-P-52 b,KP,2.7535953,9.4e-06,2455852.10326,0.00041,2.4072,11.309881,8.89,0.047,,238.03921832249048,,-0.0248789170514135,SH,259.98494,9.21707,128.55326075294363,0.0,28.20689655172414,1.299188613663303,1218.0,5131.0,0.887,0.893,0.28,42.7217412,29.0222492,14.107,11.745,,1.731058482185984,0.054397449971071064,-0.26,2.453,0.3469129707538083,0.0021003289233422,4.691236341984726e-05,2460635.0982961,85,2461717.2612489997,44,2462262.4731183997,18
18,3687,HAT-P-60 b,KP,4.7947813,2.4e-06,2458360.94029,0.00056,5.035,18.28184752,6.146,0.25,,352.4000459263032,,0.2478039115658359,SH,182.43350562,12.07747947,56.14909764825435,0.0,15.105263153057548,0.728220931694515,1772.0,6212.0,1.435,2.197,0.037,28.2825719,52.0539209,9.727,8.396,,0.23120954290562784,0.005086829748381519,-0.26,2.412,2.386325845080457,0.0274748694879695,0.0001312609787023,2460633.6666261996,85,2461420.0107593997,18,2462263.8922682,18
19,3690,HAT-P-63 b,KP,3.377728,1.3e-05,2456382.94256,0.00053,2.933,12.5428494,9.56,0.069,,44.44431389398588,,0.0492612617717953,SH,195.1466419,7.62788177,87.78153621755499,0.0,25.58333332688768,1.084725159609006,1237.0,5400.0,0.925,0.9661,0.251,269.5720695,5.7613709,13.657,11.63,,1.408123625962687,0.07719629755192914,-0.26,2.494,0.5672890861380208,0.0023398292564816,4.9566033600480355e-05,2460503.77072,80,-1.0,-1,-1.0,-1
20,3691,HAT-P-65 b,KP,2.60544751,5e-07,2458139.35067,0.00021,4.3656,18.05766791,,0.304,,144.94445008155634,,-0.2488530503631845,SH,176.07693748,29.24021344,72.20137834398129,10.0,6.021739131326942,0.723535645075858,1818.0,5872.0,1.297,1.666,0.208,315.9054895,11.9893675,13.121,11.604,,1.1551175706651704,0.07678610843845833,-0.26,2.479,0.9440558086064874,0.0134161910950431,0.0002808207762931,2460557.20595928,82,-1.0,-1,-1.0,-1
21,3693,HAT-P-68 b,KP,2.29840551,5.2e-07,2456614.20355,0.00014,2.0868,12.016048,9.6,0.041,,317.2074763403952,,0.0300865591702559,SH,230.10892,13.66669,144.4288080775137,0.0,16.837209302325583,1.1935666379494458,1027.8,4508.0,0.6785,0.6701,-0.059,118.4831501,23.9382192,13.802,11.21,,1.2554198318580176,0.022666870853512537,-0.26,2.374,0.9312107339479878,0.0018948226798186,3.308023410283588e-05,2460284.75714947,72,2461771.8255144404,46,-1.0,-1
22,3694,HAT-P-8 b,KP,3.07634,4e-06,2456052.75596,0.00024,3.9016058,15.6926,6.13,0.0,,116.0,150.0,-0.0,SH,406.8224,85.8141,152.43022754392518,10.0,4.740740740740741,1.2091715407571937,1700.0,6200.0,1.27,1.57,0.01,343.0414932,35.4471778,10.358,9.004,,0.3124736346342106,0.0012606827691398997,-0.26,2.35,0.986300861204748,0.0243778972764863,0.0001540977305226,2460584.2047800003,83,-1.0,-1,-1.0,-1
23,3697,HATS-13 b,KP,3.0440499,2.7e-06,2456340.31705,0.00026,2.63472,13.585308,9.82,0.181,,104.28006807132812,,-0.0446458036720824,SH,172.58169,22.88376,79.42607694668793,10.0,7.541666666666668,0.9620122323941136,1244.0,5523.0,0.962,0.887,0.05,316.9614798,-26.0967205,13.911,12.052,,1.6594649781963025,0.13095775249937464,-0.26,2.434,0.8203782114562703,0.0026667620355502,6.860950149249874e-05,2460906.3919,95,-1.0,-1,2461801.3425706,1
24,3702,HATS-18 b,KP,0.83784,4.7e-07,2458217.64374,0.00016,1.944,14.896761,3.658,0.166,,310.0520353351032,,0.1068181874315894,SH,629.144485,24.15508,421.9005690430803,0.0,26.046052631578945,1.443723186668561,2069.48,5600.0,1.037,1.02,0.28,173.9574203,-29.1560639,14.188,12.382,,2.099406906435402,0.007428382797202043,-0.26,2.35,0.3320977897723133,0.0336608605924572,0.001008150141003,2460773.8935800004,90,-1.0,-1,2462044.89686,10
25,3705,HATS-23 b,KP,2.1605156,4.5e-06,2457072.85266,0.0007,1.8048,20.84874,6.08,0.114,,236.84906198380696,,-0.0623405018298169,SH,467.2101,22.88376,215.390377663578,0.0,20.416666666666668,1.0225090887781447,1654.0,5780.0,1.121,1.199,0.28,286.36675,-50.0673496,13.84,12.293,,1.7297241038896594,0.019347387677538963,-0.26,2.377,0.7303700834827812,0.0160581027059158,0.0004616302196902,2460879.6811472,94,-1.0,-1,2462130.6196796,13
26,3706,HATS-24 b,KP,1.3484978,9e-07,2457948.709321,3.9e-05,2.4074261,15.636555,4.561,0.0,,90.0,,0.0,SH,718.2958,54.0311,396.8924938870475,0.0,13.294117647058822,1.4591776663939695,2166.0,6125.0,1.07,1.12,-0.229,268.8907069,-61.7474,12.915,11.447,,1.0925442168899866,0.002273283128498638,-0.26,2.35,0.4491819012216948,0.0481987032897487,0.0009385023283015,2460854.72208,93,-1.0,-1,2462131.7494966,13
27,3708,HATS-26 b,KP,3.3023881,7.6e-06,2456867.4232,0.0012,5.2152,19.61575,5.01,0.245,,57.400987520600275,,0.131995284888354,SH,206.5895,24.15508,76.83426005012096,10.0,8.552631578947368,0.7210549017360681,1918.0,6071.0,1.299,2.04,-0.02,144.9268593,-28.5856004,13.006,11.51,,1.1202626720955657,0.0637751015535704,-0.26,2.361,0.7956949302622651,0.0133201627696389,0.0002669989367169,2460744.4268294,89,-1.0,-1,2462015.8462479003,9
28,3710,HATS-29 b,KP,4.6058749,6.3e-06,2457031.95618,0.00038,3.2112,14.022459,10.96,0.158,,226.91059998719896,,-0.1079359112112317,SH,207.54299,20.02329,79.07228737693933,0.0,10.365079365079366,1.0146162043540352,1212.0,5670.0,1.032,1.073,0.16,285.0965172,-54.8933408,12.62,10.933,,0.8303238468441481,0.033080165413733965,-0.26,2.445,0.8324086430168323,0.0025643866933352,3.940792016296914e-05,2460877.8617215003,94,-1.0,-1,2462130.6596943,13
29,3730,HATS-52 b,KP,1.36665436,9.4e-07,2456929.03039,0.00033,2.0904,15.490838,5.14,0.246,,196.4129514520016,,-0.2359755314933005,SH,711.9392,47.6745,394.06805150223187,0.0,14.933333333333334,1.463449574723605,1834.0,6010.0,1.111,1.046,-0.2843,140.0875894,-31.2692116,13.844,12.218,,1.8586011337591217,0.006673462082197242,-0.26,2.35,0.2999146852748174,0.0188376789697238,0.00052315139945,2460746.09601748,89,-1.0,-1,2462017.08457228,9
30,3739,HATS-62 b,KP,3.2768837,3.3e-06,2455808.05158,0.00043,2.76528,11.825495,,0.298,,279.11050678397896,,0.0471850620922784,SH,365.32,,177.1384349928932,10.0,,1.4081912842760125,1237.0,5416.0,0.896,0.933,0.133,312.4493079,-24.303506,14.171,12.196,,1.961464892883946,0.036783811352805285,-0.26,2.372,0.2206094266528513,0.0017081401011619,4.69595026380509e-05,2460828.2374084,92,-1.0,-1,2461798.1949836,1
31,3750,HATS-8 b,KP,3.583893,1e-05,2456672.1102,0.0012,3.0312,9.785457,9.21,0.376,,3.839970830565269,,0.3751558767369097,SH,43.86054,6.03877,19.07219097750487,10.0,7.263157894736842,0.6520682414558985,1324.0,5679.0,1.056,1.086,0.21,294.9416887,-25.7483655,14.512,12.779,,2.730649901476489,6.149674453428676,-0.26,3.107,0.4800696455517471,0.0009551614830532,3.4346050266265576e-05,2460829.42608,92,-1.0,-1,-1.0,-1
32,3775,HD 149026 b,KP,2.87589,2e-06,2457217.64141,0.00011,3.14,8.29466,6.8,0.0,,109.0,21.0,-0.0,SH,120.7754,19.0698,42.98135334698463,10.0,6.333333333333333,1.235537799620659,1626.0,6179.0,1.42,1.41,0.32,247.6229827,38.3475349,8.15,6.899,,0.10950246164568529,0.00194719231810874,-0.26,2.673,1.3484922052586534,0.0177171169180135,4.248083563999883e-05,2460478.9006700004,79,2461614.87722,25,-1.0,-1
33,3784,HD 189733 b,KP,2.21857567,1.5e-07,2453955.5255511,8.8e-06,1.8233621,12.66617,8.84,0.0,,20.0,37.0,0.0,SH,359.1479,25.4264,199.5547488879752,0.0,14.125,1.3411391989823818,1209.0,5052.0,0.827851,0.75,-0.02,300.1821223,22.7097759,7.67,5.587,,0.06408621404927192,3.094043049723323e-05,-0.26,2.35,8.831740898293447,0.0623391272234354,8.168846167245152e-05,2460531.38383698,81,-1.0,-1,-1.0,-1
34,3790,HD 209458 b,KP,3.52474859,3.8e-07,2451659.93742,2e-05,3.072,15.58051,8.81,0.0,,0.0,0.0,0.0,SH,232.0159,12.7132,89.77323180176973,0.0,18.25,0.9715109020780668,1459.0,6091.0,1.131,1.178023,0.01,330.7950219,18.8842419,7.65,6.366,,0.08535089953417048,0.0002711713106219726,-0.26,2.387,8.559933575296915,0.0635097334039562,0.0001191352525216,2460556.40286116,82,-1.0,-1,-1.0,-1
35,3835,HIP 65 A b,KP,0.9809734,3.1e-06,2458326.10418,0.00011,0.78576,22.75427,5.289,0.0,,291.42,,0.0,SH,1021.18779,24.79074,772.9353690104456,0.0,41.19230769230769,1.2861362921908934,1411.0,4590.0,0.781,0.7242,0.18,0.1856063,-54.8308228,11.0,8.4,,0.27380536686020035,3.764599724661711e-05,-0.26,2.35,6.171248282619725,0.2044572102166388,0.0009785937340201,2460932.5505037997,96,-1.0,-1,2461830.1411647997,2
36,3846,K2-100 b,KP,1.6739035,4e-07,2457140.71941,0.00027,1.6056,3.88,5.21,0.0,,0.0,0.0,0.0,SH,21.8,6.2,10.696043721279732,10.0,3.5161290322580645,1.151949535313057,1841.0,5945.0,1.15,1.24,0.22,129.6010863,20.1060074,10.651,9.242,,0.33199770285815966,0.28903143112444063,-0.26,3.907,0.2603475476581664,0.0034423709234491,2.42805021791748e-05,2460284.310183,72,2461772.4103945,46,-1.0,-1
37,3874,K2-131 b,KP,0.3693038,9.1e-06,2457582.936,0.0011,1.0027781,1.69,3.0,0.0,,90.35333303480904,,-0.0,SH,7.9,1.3,8.150272034569996,10.0,6.076923076923077,1.4330101749599613,2223.0,5120.0,0.803,0.7595,-0.04,182.751404,-9.7652392,12.129,10.122,,0.5436711349186546,1.3349026550900325,-0.26,3.894,0.1278405948380457,0.0035670726963923,3.7732185449687146e-05,2460802.1572246,91,2461773.7955224,46,-1.0,-1
38,3889,K2-141 b,KP,0.2803244,1.5e-06,2457744.0716,0.00022,0.94,1.51,2.292,0.0,,90.0,,0.0,SH,4.97,0.35,6.113168063583742,0.0,14.2,1.32955898704386,2103.0,4570.0,0.708,0.681,0.0,350.9170464,-1.1891827,11.454,8.524,,0.3525744652329778,0.9979075196790467,-0.26,4.232,0.3275832173779537,0.007524378741014,3.813033735917552e-05,2460829.3219464,92,2461668.8935244,42,-1.0,-1
39,3997,K2-22 b,KP,0.381073,2.4e-05,2456846.94318,0.00031,0.5856,2.3,3.0,0.19,0.221175,46.7,90.897,0.1303054870562014,SH,9.16,,11.62880811669724,10.0,,1.2295962945295316,2100.0,3879.0,0.595292,0.58,0.032,169.4827046,2.6190363,15.565,12.088,,3.6352220237185655,29.316541007271088,-0.26,4.383,0.1617438112541345,0.0068373284667611,0.0001788489702613,2460285.364859,72,2461773.835997,46,-1.0,-1
40,4040,K2-266 b,KP,0.658524,1.7e-05,2457949.6747,0.0032,0.33336,3.3,4.0,0.0138288439563327,,250.6630064006404,,0.0045790579555019,SH,11.26782377,11.3711983,10.648437164573007,10.0,0.990909090909091,1.005968659094599,1515.0,4285.0,0.686,0.703,-0.12,157.9356855,0.9372782,11.625,9.041,,0.3691833547891007,0.360606651870274,-0.26,3.753000000000001,0.9060934545006252,0.0060829219838685,3.911220013135391e-05,2460746.426128,89,2461773.723568,46,-1.0,-1
41,4074,K2-29 b,KP,3.2588321,1.9e-06,2453219.0095,0.0022,2.22,13.33871,10.51,0.066,0.022,132.0,21.0,-0.0441626200196846,SH,232.0159,12.7132,104.46492410110748,0.0,18.25,1.1064465798011955,1171.0,5358.0,0.94,0.86,0.16,62.670422,24.4016558,12.532,10.168,,0.7266563471415171,0.014515714283483663,-0.26,2.428,1.3806476400651466,0.0044693682148212,4.828876919549156e-05,2460254.8280039,71,2461718.0436168,44,-1.0,-1
42,4083,K2-31 b,KP,1.25785,2e-06,2457191.70889,0.00024,0.9816,11.88154,6.05,0.0,,342.18334347987275,,0.0,SH,563.83042,25.10857,355.24800743907787,0.0,22.455696202531644,1.5925595274319686,1517.8932768808224,5280.0,0.91,0.78,0.08,245.4405531,-23.548273,10.802,8.942,,0.290841393853837,0.00020108069981323828,-0.26,2.35,1.1497453735122407,0.0429483284514878,0.0002638434187824,2460801.73839,91,-1.0,-1,-1.0,-1
43,4207,K2-60 b,KP,3.00265,4e-05,2456928.0593,0.0007,3.08,7.655747,7.78,0.0,,204.77890472673764,,-0.0,SH,135.39558,11.75971,61.229252392874905,0.0,11.513513513513512,1.354785834205455,1400.0,5500.0,0.97,1.12,0.01,338.6062312,-13.7318044,12.857,11.085,,0.883018635608265,0.062394036069545626,-0.26,2.458,0.2041813845300851,0.0018277509727023,3.012430414282256e-05,2460828.50165,92,2461666.241,42,-1.0,-1
44,4247,KELT-11 b,KP,4.7361,3e-05,2457483.431,0.0007,7.1376,15.13215,4.98,0.0007,0.002,-1.0,147.4,0.0006998933866094,SH,54.34893,4.76745,16.228119611696968,0.0,11.4,0.3665462158679429,1712.0,5375.0,1.44,2.69,0.17,161.7069053,-9.3993646,8.04,6.251,,0.08054698293125513,0.007390663170110881,-0.26,2.887,6.56766711409116,0.037523275701117,6.675760451175501e-05,2460741.8677999997,89,-1.0,-1,2462001.6704,9
45,4248,KELT-14 b,KP,1.7100566,3.2e-06,2456665.22401,0.00021,2.18808,19.537287,4.248,0.0,,76.64754712050167,,0.0,SH,408.09372,10.17056,189.051963323922,0.0,40.125,1.0201878919786491,1970.0,5720.0,1.239,1.52,0.32,108.301409,-42.4097623,11.001,9.487001,,0.3563612550180102,0.001065957354646211,-0.26,2.358,1.8716115118368373,0.076466918951203,0.0006037731441731,2460716.3480954,88,-1.0,-1,2461962.9793567997,7
46,4249,KELT-15 b,KP,3.32944,1.6e-05,2458973.57814,0.00012,4.0123108,19.50366,6.7,0.0,,87.94300755388004,,0.0,SH,416.3573,136.6669,110.08982112438444,10.0,3.046511627906977,1.030390441556366,1642.0,6003.0,2.06,1.78,0.05,117.4149764,-52.1204471,11.39,9.919,,0.4868607575718767,0.005867275263253333,-0.26,2.35,0.9122108967007824,0.0170231167014042,0.0001639981981395,2460744.8402199997,89,-1.0,-1,2462016.6862999997,9
47,4250,KELT-16 b,KP,0.9689951,2.4e-06,2457247.24791,0.00019,2.4888,15.860735,3.23,0.0,,199.29032739833352,,-0.0,SH,874.0325,50.8528,496.4277196624631,0.0,17.1875,1.532037456575446,2453.0,6236.0,1.211,1.36,-0.002,314.2685227,31.6610186,11.717,10.692,,0.6088337867076122,0.00045123907228144454,-0.26,2.35,0.4189305342699127,0.0745652527224488,0.0010255019585546,2459822.8368858,55,2461344.1591928,15,2462186.2159347,15
48,4251,KELT-23 A b,KP,2.255251,1.1e-05,2458140.3792,0.0027,2.38104,14.829507,7.13,0.0,,129.01241022879532,,-0.0,SH,298.12454,15.25584,150.97401173055522,0.0,19.541666666666668,1.123300792469864,1561.0,5899.0,0.944,0.996,-0.105,232.1466406,66.3587097,10.308,8.951,,0.2783092575646539,0.001019464645854825,-0.26,2.35,2.655501669457283,0.0384813804290748,0.0002373835623755,2460607.6237939997,84,2461561.5949669997,23,2462346.4223149996,21
49,4252,KELT-4 A b,KP,2.9895932,4.9e-06,2456190.30201,0.00022,3.46272,19.044091,5.792,0.0,,48.44980836531358,,0.0,SH,286.68266,19.0698,112.57789588788872,0.0,15.033333333333331,0.8890374222696518,1823.0,6207.0,1.201,1.603,-0.116,157.06262,25.5731366,9.98,8.79,,0.25513404783865923,0.001540819758452276,-0.26,2.35,2.8397419781493953,0.0537426444042723,0.0003078357340944,2459634.3133764,48,-1.0,-1,-1.0,-1
50,4254,KELT-8 b,KP,3.24406,0.00016,2457986.46737,0.00026,3.6774272,18.15858,5.9,0.04,0.05,85.0,87.0,0.0034862297099063,SH,209.7678,38.1396,104.31186156060706,10.0,5.5,0.7947315489224079,1675.0,5754.0,0.81,1.46,0.27,283.3054489,24.1272483,10.845,9.269,,0.33897810228806846,0.0031680873757905757,-0.26,2.483,2.8287007720811825,0.035652281809324,0.0002546169612426,2460529.8104100004,81,2461639.27893,26,-1.0,-1
51,4490,Kepler-1520 b,KP,0.653553572,1.61e-07,2454965.059231,0.000202,1.5399,5.77,2.199,0.0,,114.13131862861314,,-0.0,SH,27.18,,24.047730256359667,10.0,,0.9030543189818796,1437.0,4677.0,0.76,0.71,0.04,290.9662102,51.5047656,16.002,13.433,,6.1612951973582755,19.693236896217318,-0.26,3.18,0.2915672487614346,0.0014454112107408,7.024111854611771e-05,2460584.312843056,83,2461317.59995084,14,2462159.376951576,14
52,4891,Kepler-536 b,KP,1.827082299,4.44e-07,2455003.525764,0.000193,1.95666,3.1,7.3464,0.0,,208.93928345327456,,-0.0,SH,11.86,,6.558241656512377,10.0,,1.0825177942565654,1877.0,5524.0,0.92,0.89,0.0,297.7363605,49.637101,14.032,11.988,,1.7849652781560243,22.223167970797846,-0.26,4.0649999999999995,0.1310907061632941,0.0015230204300035,3.804571314039486e-05,2460583.435105146,83,2461343.50134153,15,2462185.786281369,15
53,5065,Kepler-78 b,KP,0.35500745,8e-08,2454953.95984,0.00015,0.814,1.201,2.7,0.0,,90.0,,0.0,SH,1.68,0.27,1.7920981901277575,10.0,6.222222222222221,1.0573797598169177,2223.0,5058.0,0.779,0.7475,-0.18,293.7419543,44.4482521,11.717,9.675,,0.4371605548685077,17.851700388031087,-0.26,3.415,0.3120282405588254,0.0023437835069185,2.017982955930227e-05,2460558.46245315,82,2461344.8039549,15,2462186.8816263,15
54,5218,LTT 9779 b,KP,0.792052,9.3e-06,2458354.2143,0.00025,0.466,4.72,3.877,0.0,,90.0,,0.0,SH,29.32,0.78,24.12002038307741,0.0,37.58974358974359,1.1104364615977815,1978.0,5443.0,0.77,0.949,0.27,358.6688767,-37.6282237,9.79,8.153,,0.18752017752695918,0.018132676969668676,-0.26,3.599,1.1458343745242434,0.0237726798285927,0.0001015495822832,2460933.135612,96,-1.0,-1,2461830.530528,2
55,5238,NGTS-4 b,KP,1.3373508,8e-06,2457607.9975,0.0034,1.8,3.18,4.79,0.0,,0.0,,0.0,SH,20.6,3.0,14.483690684537544,10.0,6.866666666666667,1.300169473297155,1650.0,5143.0,0.75,0.84,-0.28,89.5988945,-30.8117992,13.138,11.139,,0.9559191725549111,1.3067879354279688,-0.26,2.852,0.1694095120493913,0.0016157412115125,2.730057551385269e-05,2460689.2537432,87,-1.0,-1,2461939.6767412,6
56,5246,Qatar-1 b,KP,1.4200242,2.2e-07,2456234.103218,6.071e-05,1.66104,12.811887,,0.0,,10.347435180488564,,0.0,SH,411.27202,16.52716,262.9864666755775,0.0,24.884615384615387,1.3900594580079193,1418.0,5013.0,0.838,0.803,0.171,303.3818697,65.1623313,12.692,10.527,,0.7286052336795414,0.0023027088354701073,-0.26,2.369,0.8327948197881855,0.0168560637403282,0.0002148602936094,2460661.7386736,86,2461615.994936,25,2462343.0473264,21
57,5247,Qatar-10 b,KP,1.645321,1e-05,2458247.90746,0.00036,2.772,17.295487,4.9,0.0,,349.07634126378235,,0.0,SH,233.92288,28.6047,114.99172375842409,10.0,8.177777777777777,0.8843636046770036,1955.0,6124.0,1.156,1.254,0.016,284.4439052,69.5708373,12.868,11.474,,1.0701697263337178,0.0259832462156372,-0.26,2.35,1.3272639877785866,0.0299033913033681,0.0005895497287293,2460661.593367,86,2461640.559362,26,2462346.402071,21
58,5248,Qatar-2 b,KP,1.33711647,2.6e-07,2455624.267096,8.7e-05,1.809816,14.056,6.51466,0.0,,70.13944256415502,,0.0,SH,792.635,17.162,559.6590152397036,0.0,46.18546789418483,1.5945062412751725,1344.0,4645.0,0.743,0.776,0.02,207.6554928,-6.8040714,13.443,10.794,,1.063241055319281,0.0010827737598636902,-0.26,2.35,0.5162591536661498,0.016137946251252,0.0002326206498715,2460801.58206784,91,-1.0,-1,-1.0,-1
59,5251,Qatar-9 b,KP,1.540731,3.8e-05,2458227.75643,0.00027,1.8672,11.309881,7.236,0.0,,42.24225095683255,,0.0,SH,378.2177,50.8528,260.64448648581407,10.0,7.437499999999999,1.461982271384511,1134.0,4309.0,0.719,0.696,0.252,160.748095,60.9641194,14.023,11.235,,1.367161144441511,0.008253983256193906,-0.26,2.395,0.4734445434323997,0.0037775823364178,6.671353276869922e-05,2460366.291058,75,2461503.3505360004,21,2462346.130393,21
60,5256,TIC 257060897 b,KP,3.660028,6e-06,2458708.9983,0.0003,0.194,16.70138124,6.05,0.03,0.02,20.0,72.0,0.0281907786235772,SH,212.94503269,9.53485221,73.44077481282945,0.0,22.333333333333332,0.8739192273238626,1762.0,5988.0,1.32,1.82,0.0,227.5321527,72.7103128,11.814,10.446,,0.5901723503032439,0.019373338745435596,-0.26,2.385,0.8886120559345785,0.0135419762195478,0.0001662960933429,2460582.932636,83,2461640.680728,26,2462343.4061040003,21
61,5260,TIC 46432937 b,KP,1.44044527,8.7e-08,2459952.28894,3.9e-05,1.195,13.31626907,8.381,0.009,,76.07632537300816,,0.0021656620997375,SH,1017.0509024,34.96112477,841.6173387725923,0.0,29.090909090909093,1.749734058425484,872.0,3572.0,0.563,0.5299,0.323,83.8689794,-14.5971909,14.268,10.427,,1.095778012337915,0.0005085539945470542,-0.26,2.35,0.5636552820309485,0.0020762298815846,2.5274084736610655e-05,2459200.3765090597,32,-1.0,-1,2461938.66296733,6
62,5277,TOI-1181 b,KP,2.103189,3e-06,2459481.51696,0.00055,4.1218716,17.02644168,3.976,0.011,0.007,90.0,,6.735557395310442e-19,SH,374.71969185,7.31005336,144.79597467419612,0.0,51.26086957181938,1.1026152188259493,1942.12,6054.0,1.467,1.961,0.38,297.2158166,64.3543506,10.582,9.327,,0.3328535671755576,0.0015853118600077049,-0.26,2.394,0.8472463324482367,0.0315893942556967,0.0002317081438135,2460661.405989,86,2461641.4920630003,26,2462346.060378,21
63,5279,TOI-1194 b,KP,2.3106446,5.4e-07,2458684.92352,0.00014,1.6276453,8.71664516,7.65,0.0,,90.0,,0.0,SH,120.0,5.6,58.6777003243403,0.0,21.42857142857143,1.1896390050529122,1264.29,5394.0,0.9835,0.9608,0.348,167.8214811,69.9647749,11.302,9.42,,0.38587574704117433,0.012973885228146121,-0.26,2.704,0.8165610922041358,0.003689656605099,2.8247885775315508e-05,2460364.7621442,75,2461503.909932,21,2462344.9845664003,21
64,5308,TOI-1273 b,KP,4.631296,3e-06,2458712.3468,0.0004,1.435,11.09689089,,0.055,0.032,110.0,140.0,-0.0188111078829117,SH,70.55790635,4.76742611,26.073507219751153,0.0,14.79999998363897,0.749299546757301,1211.0,5690.0,1.06,1.06,0.07,214.1208564,58.3902534,10.98,9.515,,0.35009772293994434,0.054087999685091995,-0.26,2.661,2.1932775896100503,0.0031214129002647,2.496612961652621e-05,2460421.295024,77,2461560.59384,23,2462208.97528,16
65,5390,TOI-1789 b,KP,3.208664,1.5e-05,2458873.65374,0.00062,2.3,16.14093221,4.83,0.0124843190085914,,310.31878660172964,,-0.0080778514563914,SH,222.4798849,50.85254512,73.36764046529134,10.0,4.375,0.9225900170076952,1927.0,5991.0,1.507,2.168,0.373,142.743406,26.5399951,9.721,8.41,,0.2159650959963434,0.0025994369245122347,-0.26,2.491,1.4468793615867792,0.0348751648723571,0.000167693515543,2460285.4659,72,2461771.077332,46,2462345.428188,21
66,5406,TOI-1853 b,KP,1.2436258,1.5e-06,2459690.742,0.0006,1.19,3.46,,0.03,,42.70795414826748,,0.0220446132546658,SH,73.2,2.7,49.02401636616146,0.0,27.11111111111111,1.7775153763697056,1479.0,4985.0,0.837,0.808,0.11,211.4593468,16.9923703,12.178,10.175,,0.5470338055484498,0.03735354366239575,-0.26,2.682,0.0986169792160727,0.0018631562472899,2.019525201464336e-05,2459690.742,50,2461562.398829,23,-1.0,-1
67,5407,TOI-1855 b,KP,1.36414864,5.1e-07,2459243.19743,0.00029,1.194,18.49481816,4.95,0.033,0.038,-100.0,120.0,-0.0057303898630087,SH,360.09958513,30.51152707,209.41224157137117,0.0,11.802083334074172,1.013478982491122,1701.0,5359.0,0.987,1.041,0.399,205.3539534,17.6868719,11.197,9.62,,0.3610672747022355,0.0008918532095216513,-0.26,2.439,3.012079507853909,0.0772023677443302,0.0006480829858592,2459690.63818392,50,2461562.250118,23,-1.0,-1
68,5412,TOI-1937 A b,KP,0.94667944,4.7e-07,2459085.91023,0.00012,1.377,13.97759893,3.85,0.0,,174.34476941824914,,-0.0,SH,638.83509807,54.03082919,396.7334574263271,0.0,11.823529411764705,1.5056801119351773,2097.0,5814.0,1.072,1.08,0.196,116.3707214,-52.3832587,13.18,11.324,,1.184852617426682,0.002675791471347698,-0.26,2.35,0.3975024538889729,0.0423018561457643,0.0007783222108644,2460746.38596776,89,-1.0,-1,2462017.77645568,9
69,5447,TOI-2196 b,KP,1.1947268,7.9e-06,2459036.5126,0.0019,1.504,3.51,4.61,0.0,,90.0,,0.0,SH,26.0,1.3,15.34265905419876,0.0,20.0,1.3155156079360366,1860.0,5634.0,1.032,1.043,0.14,312.3400744,-70.4850723,12.297,10.452,,0.6909043238884159,0.608353215025909,-0.26,3.423,0.1508805403426597,0.0026574229676214,3.272357052581227e-05,2460879.9760523997,94,-1.0,-1,2462130.855012,13
70,5454,TOI-2260 b,KP,0.3524728,4.7e-06,2458928.239,0.0007,0.578,1.62,,0.0052280251141927,,175.0510714309279,,0.0052085349836257,SH,6.17,,5.623139663442338,10.0,,1.3624116278448466,2609.0,5534.0,0.99,0.94,0.22,247.6669998,49.0467891,10.474,8.776,,0.26978489325412675,0.6905557868406067,-0.26,3.896,0.2052140560868092,0.006164302392697,3.508196695031138e-05,2460423.4286176,77,2461615.8441,25,-1.0,-1
71,5493,TOI-2580 b,KP,3.39775,2e-06,2458839.4534,0.0005,8.38,17.37392009,,0.08,0.04,114.0,30.0,-0.032538931446064,SH,200.23189641,25.42627256,70.63016719198167,10.0,7.874999999999999,0.8128941141545928,2410.0,6120.0,1.33,1.81,0.26,62.1992072,67.1165264,11.419,9.931,,0.5116965839997386,0.015745839545519415,-0.26,2.35,1.8927795279978024,0.0695820299879741,0.0006740577319029,2460660.6474,86,2461448.9254,19,2462288.16965,19
72,5514,TOI-3071 b,KP,1.266938,2e-06,2458594.608,0.002,1.85,7.16,4.11,0.09,,85.07546991245738,,0.0077259133258404,SH,68.2,3.5,34.146909078248676,0.0,19.485714285714288,1.1151148229376346,2155.0,6177.0,1.29,1.31,0.35,173.2790517,-56.5033871,12.383,11.066,,0.8555507518019186,0.18832588321891297,-0.26,2.838,0.3259828747814611,0.0084863032904836,0.0001386495769794,2460773.74136,90,-1.0,-1,2462044.480174,10
73,5517,TOI-3261 b,KP,0.8831331,1e-06,2459112.40036,0.00063,1.618,3.82,4.333,0.0,,0.0,,0.0,SH,30.3,2.2,22.31309093139335,0.0,13.772727272727272,1.3084723955757545,1722.0,5068.0,0.861,0.849,0.138,47.7285242,-73.531972,13.261,11.271,,1.0266231608671752,0.6350733664284127,-0.26,3.2780000000000005,0.1669952347760578,0.0027657183372906,4.966014109789875e-05,2460933.4208122,96,-1.0,-1,2462131.8324289,13
74,5519,TOI-332 b,KP,0.777038,1e-06,2459062.4447,0.0006,1.52,3.2,3.94,0.0,,0.0,,0.0,SH,57.2,1.6,43.3207046748171,0.0,35.75,1.738252565050079,1871.0,5251.0,0.88,0.87,0.256,348.0589516,-44.8764852,12.349,10.41,,0.6416855329777942,0.06582255347220348,-0.26,2.96,0.0885819585734403,0.003832978793232,4.629524816136545e-05,2460932.775166,96,-1.0,-1,2461830.2540559997,2
75,5521,TOI-3331 A b,KP,2.0180231,4.3e-06,2459371.653,0.0002,2.12304,12.97999965,7.09,0.0,0.048,139.65803320298107,,-0.0,SH,721.47048389,50.85254512,360.7357717495358,0.0,14.187499999999998,1.6228256997420016,1488.0,5609.0,1.016,0.952,0.148,271.3241672,-34.107171,11.635,10.068,,0.4854037221228279,0.0005431865880125506,-0.26,2.35,0.4590018618204772,0.0161626563764282,0.0001667680074337,2460854.8999785,93,-1.0,-1,2462130.2905777,13
76,5549,TOI-4145 A b,KP,4.0664428,5.8e-06,2458925.88211,0.00017,2.106,13.30506009,12.07,0.0,,350.74935235920725,,0.0,SH,136.66621501,41.31769291,58.50385570365829,10.0,3.307692307692308,0.8787839790207217,1074.0,5281.0,0.905,0.859,0.168,39.4297435,80.2673838,12.084,10.38,,0.5484759979267176,0.026367413514907196,-0.26,2.53,1.8613780479170976,0.0021244405957957,2.53072288127066e-05,2460662.2531856,86,2461638.1994576,26,2462288.8303056,19
77,5557,TOI-4329 b,KP,2.9223,0.00015,2458765.068,0.002,5.5560255,16.81347105,,0.068,0.079,0.285,2.12,0.0679991587550371,SH,143.02278315,28.60455663,48.1145956034063,10.0,5.0,0.6952469569555444,2027.12,6000.0,1.538,2.31,0.29,329.5639152,71.1316048,12.724,10.742,,0.9665047332531637,0.12105299677850725,-0.26,2.522,0.7954724332006731,0.0142392517437591,0.0002003951323636,2460661.6407,86,2461614.3105,25,2462263.0611,18
78,5563,TOI-4379 b,KP,3.25352,2e-05,2459734.269,0.048,5.1881112,16.69017226,4.63,0.018,0.029,16.81869336647798,,0.0172300526431003,SH,353.74301699,22.5658169,123.59629846556189,0.0,15.676056335899808,1.094922730240388,1869.38,6020.0,1.372,1.976,0.16,252.0478813,-32.4337532,12.661,10.837,,0.9436361153563063,0.017487166053749878,-0.26,2.358,0.4059030302278332,0.0126344547303601,0.0001857618397814,2460853.47988,93,-1.0,-1,2462102.83156,12
79,5615,TOI-561 b,KP,0.4465697,3e-07,2459317.75002,0.00041,1.308,1.397,2.683,0.0,,0.0,,0.0,SH,2.02,0.23,1.9512875207475968,10.0,8.782608695652174,1.0061150501151268,2319.0,5342.0,0.806,0.843,-0.4,148.1851516,6.216103,10.252,8.504,,0.22855202251521595,4.115748780914555,-0.26,2.752,0.7128248309983108,0.0045093476402105,2.2641944304439655e-05,2460285.4665599,72,2461773.88337,46,2461991.8093836,8
80,5621,TOI-564 b,KP,1.651144,1.8e-05,2458549.57554,0.00045,1.0272,11.43318,5.32,0.072,0.083,94.0,32.0,-0.005022466109577,SH,464.98529,31.783,252.3323321815077,0.0,14.63,1.542261625067277,1714.0,5640.0,0.998,1.088,0.143,130.2951535,-16.0363275,11.097,9.71,,0.36941355607472026,0.000642985394633757,-0.26,2.35,0.5061682201264587,0.024334760317789,0.0002129252045211,2460715.876468,88,-1.0,-1,2461990.559636,8
81,5633,TOI-6016 b,KP,4.023687,3e-06,2459877.793,0.0003,5.7,13.67495645,,0.0,,90.0,,0.0,SH,371.85923619,28.60455663,124.80581550278396,0.0,13.0,1.2896831619422957,1890.0,6110.0,1.31,1.51,0.28,4.5239602,59.7661983,11.886,10.308,,0.6306765100779991,0.007660637664842799,-0.26,2.378,0.4652036818114374,0.0189702259720014,0.0002186112483366,2460634.246156,85,2461587.859975,24,2462263.839391,18
82,5640,TOI-6130 b,KP,2.392679,2e-06,2459849.63919,0.00016,2.42,14.3474953,,0.036,0.018,42.0,30.0,0.0267532137171861,SH,333.71982735,19.06970442,133.2882112653567,0.0,17.5,1.200986320823607,1750.0,6110.0,1.31,1.51,0.28,339.2050832,16.8271941,11.21,9.711,,0.4562727336464906,0.0035154976212704615,-0.26,2.408,0.7206455941443259,0.018946836169679,0.0001658581052992,2460584.191643,83,-1.0,-1,-1.0,-1
83,5678,TOI-849 b,KP,0.765548,5.3e-05,2458871.6812,0.0083,1.57,3.64,3.7,0.0,,90.0,,0.0,SH,41.8,2.5,29.81664059955669,0.0,16.72,1.49013000737379,1932.0,5257.0,0.97,0.97,0.19,28.7157956,-29.4217086,11.981,10.481,,0.5107266517074494,0.08801990124491332,-0.26,3.063,0.1386092861826645,0.0044697383715513,5.578046151441719e-05,2458409.290208,3,-1.0,-1,2461858.849496,3
84,5683,TOI-905 b,KP,3.739494,3.8e-05,2458643.30898,0.0002,2.028,13.125739,11.47,0.024,0.025,39.0,61.0,0.0186515030749673,SH,211.99261,13.34886,89.23998857739832,0.0,15.88095238095238,1.081229686237624,1192.0,5570.0,0.968,0.918,0.14,227.6586754,-71.3616316,11.08,9.51,,0.35817158449960673,0.004832640609554466,-0.26,2.435,1.736562023954165,0.0054256142437124,4.329611341647959e-05,2460853.349934,93,-1.0,-1,2462102.3409300004,12
85,5688,TOI-954 b,KP,3.6849729,2.7e-06,2458411.90651,0.00084,5.09,9.550068,,0.14,0.18,276.0,9.0,0.0146339848574714,SH,55.30242,5.72094,20.46385922407627,10.0,9.666666666666666,0.7738877012150007,1526.0,5710.0,1.201,1.892,0.215,61.9410587,-25.2088028,10.343,8.891,,0.2665967825037311,0.050916199923339824,-0.26,2.947,0.8490928627176473,0.0042577527686853,2.5549384373126364e-05,2459171.0109274,31,-1.0,-1,2461912.630765,5
86,5690,TrES-1 b,KP,3.03007,8e-06,2453186.806341,5.1e-05,2.508,12.66617,10.48,0.0,,216.4763373633907,,-0.0,SH,266.9772,34.9613,114.8779008149135,10.0,7.636363636363636,1.2123400415608436,1140.0,5230.0,1.04,0.85,0.02,286.0408755,36.632536,11.424,9.887,,0.395759418237717,0.003560498364061197,-0.26,2.377,1.1902751953036572,0.0040281351533399,3.8238780525323846e-05,2460528.665951,81,2461316.4841509997,14,2462158.843611,14
87,5692,TrES-4 b,KP,3.55395,7.5e-05,2455321.9619,0.00022,3.6341388,18.04649,6.04,0.0,,80.6,9.5,0.0,SH,247.9074,60.3877,98.64208551796254,10.0,4.105263157894736,0.8726604930925824,1778.0,6200.0,1.08,1.66,0.14,268.3043361,37.2117397,11.932,10.35,,0.6595382715706299,0.01341148187351232,-0.26,2.403,1.2117090618844513,0.0194604893613988,0.0002286408136863,2460503.621,80,2461640.885,26,-1.0,-1
88,5697,WASP-1 b,KP,2.5199454,5e-07,2453912.5151,0.00027,3.7121363,16.623,5.687,0.0,,91.1,170.0,-0.0,SH,271.415,18.116,110.45633708330232,0.0,14.982060057407818,0.9833715288093252,1812.0,6110.0,1.24,1.47,0.17,5.1669536,31.9899732,11.308,10.364,,0.4815561213540162,0.005702086430867604,-0.26,2.397,1.1196896398780538,0.0235897890322432,0.0002789485170362,2460608.0100278,84,2461396.752938,17,2462238.4147016,17
89,5698,WASP-10 b,KP,3.0927616,1.12e-05,2454664.037295,8.2e-05,2.2271,12.106,11.65,0.0473,0.0034,165.6,9.6,-0.0458139835213842,SH,1001.12,41.32,531.475460277961,0.0,24.22846079380445,1.8256412913772464,1370.0,4675.0,0.75,0.698,0.03,348.9930457,31.4627508,12.413,10.117,,0.5926285180740007,0.00037300951841791715,-0.26,2.35,0.4493715068592874,0.0225380525178243,0.0002378572462128,2460583.5829974003,83,-1.0,-1,-1.0,-1
90,5700,WASP-103 b,KP,0.925542,1.9e-05,2456459.59957,0.00075,2.593,17.127,,0.15,,308.43518608086885,,0.0932443409145401,SH,473.547,27.968,275.0557373630299,0.0,16.931743421052634,1.1991569870721028,2508.0,6110.0,1.22,1.436,0.06,249.3148604,7.1833758,12.402,10.857,,0.8479985805140062,0.002851478416784747,-0.26,2.35,0.8275217069395816,0.0813707957736325,0.0012074483524177,-1.0,-1,-1.0,-1,-1.0,-1
91,5701,WASP-104 b,KP,1.7554137,1.8e-06,2456406.11126,0.00012,1.76208,12.745,,0.0,,278.72296935186614,,0.0,SH,404.263,14.937,203.93638877633563,0.0,27.06453772511214,1.3871408078201728,1516.0,5475.0,1.076,0.963,0.32,160.6023689,7.4350768,11.779,9.979,,0.4971802001151625,0.0017830333030723947,-0.26,2.404,0.7863492731010052,0.0185548755131155,0.0001837629884466,2459576.3884022003,46,2461772.4109409,46,-1.0,-1
92,5707,WASP-114 b,KP,1.5487743,1.2e-06,2456667.73582,0.00021,2.78208,15.008851,4.29,0.012,0.022,-71.0,150.0,0.0039068178534858,SH,562.24127,20.34112,262.1614900349542,0.0,27.640625,1.3883843213515064,2043.0,5940.0,1.289,1.43,0.14,327.6656953,10.4629385,12.685,11.172,,0.9319190096721086,0.003790877953952035,-0.26,2.35,0.3332697135579593,0.0256121055886006,0.0004393850576273,2460558.2568616,82,-1.0,-1,-1.0,-1
93,5709,WASP-119 b,KP,2.49979,1e-05,2456537.547,0.002,3.024,15.6926,6.329,0.058,,324.4994970862634,,0.0472184044298575,SH,390.9309,25.4264,181.95162322865505,0.0,15.375,1.1918666825487232,1600.0,5650.0,1.02,1.2,0.14,55.9336392,-65.19378,12.314,10.612,,0.7009953008420999,0.004452865725060644,-0.26,2.366,0.7832046666850062,0.0172196713654504,0.0002282573961617,2460932.17782,96,-1.0,-1,2462072.08206,11
94,5710,WASP-123 b,KP,2.9776412,2.3e-06,2456845.17082,0.00039,3.0936,14.773462,7.13,0.0,,271.10917040629937,,0.0,SH,285.72917,11.44188,114.58918991050724,0.0,24.972222222222225,1.108146513683048,1520.0,5740.0,1.166,1.285,0.18,289.4792124,-32.8601244,11.03,9.457,,0.36539607562764703,0.003050434567661927,-0.26,2.407,1.239370920509644,0.016470518650938,0.0001282647370516,2460879.874646,94,-1.0,-1,2462130.4839500003,13
95,5720,WASP-133 b,KP,2.176423,1e-06,2457116.9874,0.0002,3.4392,13.56289,5.155,0.17,,88.005274412406,,0.0059172744509184,SH,368.6828,28.6047,167.11552992397657,0.0,12.888888888888888,1.2931048910598195,1790.0,5700.0,1.16,1.44,0.29,314.5754375,-35.7966224,12.891,11.238,,0.9492667631124456,0.009679750961655527,-0.26,2.395,0.30844246938548,0.011775743667971,0.0002082515984073,2460906.139843,95,-1.0,-1,-1.0,-1
96,5723,WASP-140 b,KP,2.2359835,8e-07,2456912.35105,0.00015,1.5144,16.14096,7.94,0.047,0.0035,356.0,8.0,0.0468855103622117,SH,775.5052,22.2481,406.5906815584285,0.0,34.857142857142854,1.4648824846140314,1320.0,5260.0,0.9,0.87,0.12,60.3855387,-20.4509991,11.118,9.24,,0.3368010230988964,0.00020585111172238506,-0.26,2.35,1.277081854690115,0.0236126551787346,0.0001663967444436,2459170.694385,31,-1.0,-1,2461912.010156,5
97,5725,WASP-142 b,KP,2.052868,2e-06,2457007.7779,0.0004,2.6808,17.14977,4.524,0.0,,352.699973687677,,0.0,SH,266.9772,28.6047,111.0290945467748,10.0,9.333333333333332,0.9491140668924852,2000.0,6010.0,1.33,1.64,0.26,140.5063164,-23.946102,12.871,11.484,,1.0361574724826919,0.02612757994125812,-0.26,2.384,0.665402725711507,0.0196238424320679,0.0003886727096749,2460746.050528,89,-1.0,-1,2461990.088536,8
98,5726,WASP-144 b,KP,2.2783152,1.3e-06,2457157.27493,0.00015,1.9536,9.52765,8.39,0.0,,336.3606129844147,,0.0,SH,139.8452,19.0698,78.18583519528683,10.0,7.333333333333333,1.1788324675234034,1260.0,5200.0,0.81,0.81,0.18,320.7628761,-40.0484393,13.085,11.008,,0.9309038056620683,0.04252797527466084,-0.26,2.531,0.659729620611983,0.0031418960565458,4.997948919109059e-05,2460907.3817491997,95,-1.0,-1,2461800.4813075997,1
99,5727,WASP-145 A b,KP,1.7690381,8e-07,2456844.16526,0.00026,0.9768,10.0881,8.74,0.0,,193.42418576070705,,-0.0,SH,282.8687,12.7132,179.45899343856823,0.0,22.25,1.4351226302320643,1200.0,4900.0,0.76,0.68,-0.04,322.2537644,-58.8361466,11.636,9.292,,0.409739246869333,0.0015638890158836559,-0.26,2.361,1.2361138596705896,0.0088269825498657,6.371068404708201e-05,2460905.8767376,95,-1.0,-1,-1.0,-1
100,5730,WASP-149 b,KP,1.332813,6e-07,2457757.6245,8e-05,2.0496174,15.24421375,4.8,0.0,,118.6808900123696,,-0.0,SH,314.96795134,62.29436777,177.057751566931,10.0,5.05612244919008,1.123212799154497,1855.0,5750.0,1.05,1.08,0.0,124.073681,-8.6865813,11.687,9.864,,0.5185128016610586,0.002572825499686808,-0.26,2.35,1.8122790299157812,0.0581488027085149,0.0005461862678691,2460716.46936,88,-1.0,-1,2461965.315141,7
101,5740,WASP-160 B b,KP,3.7684952,3.5e-06,2457383.65494,0.00021,2.84424,12.21781,11.25,0.0,,45.43374005885843,,0.0,SH,88.35674,13.98452,39.8328243824285,10.0,6.318181818181818,0.7634094425026303,1119.0,5298.0,0.87,0.868,0.27,87.679561,-27.6233218,13.04,11.172,,0.9194858289189554,0.15985607015465927,-0.26,2.759,1.4485288663290237,0.0016778154817035,2.8783539469885175e-05,2460688.6252304,87,-1.0,-1,2461939.7656368,6
102,5742,WASP-163 b,KP,1.6096884,1.5e-06,2457918.462,0.0004,2.232,13.473218,5.62,0.0042205294902843,,3.992010553277705,,-0.0042102895046962,SH,594.3421,66.7443,330.5508335810779,10.0,8.904761904761905,1.5062503136688588,1638.0,5500.0,0.97,1.015,-0.34,256.5375549,-10.4130071,12.663,10.288,,0.807277920851313,0.001789331842511023,-0.26,2.35,0.5453047337457966,0.0246653168587412,0.0002816350476281,2460801.4139244,91,-1.0,-1,-1.0,-1
103,5750,WASP-173 A b,KP,1.38665318,2.7e-07,2457288.8585,0.0002,2.2968,13.4508,4.78,0.0,,157.7465170922405,,-0.0,SH,1172.7927,57.2094,632.8632357537429,0.0,20.5,1.802881516529612,1880.0,5767.0,1.092,1.126594,0.16,354.1686959,-34.6113042,11.15,10.084,,0.3965261852542133,0.00011777287144438312,-0.26,2.35,0.2814012431847199,0.0398157885116154,0.0004138617796314,2460932.9830570403,96,-1.0,-1,2461830.1476645,2
104,5753,WASP-177 b,KP,3.071722,1e-06,2457994.3714,0.00028,1.6128,17.71022,9.61,0.0086931671726394,,152.00533548083368,,0.0076759910439488,SH,161.45764,12.07754,77.55502928604676,0.0,13.368421052631575,0.7027671808408754,1142.0,5017.0,0.876,0.885,0.25,334.7969885,-1.8344301,12.312,10.244,,0.596829104748797,0.017766476656849956,-0.26,2.536,3.9535877511319697,0.0068112406821496,7.621250329265424e-05,2460826.499084,92,2461668.150912,42,-1.0,-1
105,5754,WASP-181 b,KP,4.5195064,3.4e-06,2457747.66681,0.00035,3.0648,13.271456,12.09,0.0049959809268012,,147.42827568821042,,-0.0042102039532947,SH,95.03117,10.80622,35.801236543319824,10.0,8.794117647058824,0.723185426016429,1186.0,5839.0,1.04,0.965,0.09,26.7932253,3.1329325,12.924,11.522,,1.0065167390904683,0.23711946391374195,-0.26,2.579,1.34777116224669,0.0017466151675754,3.520442272539292e-05,2460228.8758236,70,2461693.1958971997,43,-1.0,-1
106,5755,WASP-182 b,KP,3.3769848,2.4e-06,2458018.66018,0.00067,2.5968,9.52765,8.3,0.0,,260.0039375176008,,-0.0,SH,47.03884,3.49613,19.09234346971585,0.0,13.454545454545457,0.7056415064321733,1479.0,5638.0,1.076,1.34,0.27,311.673345,-41.8209828,11.98,10.519,,0.5666492137664979,0.2642599560195566,-0.26,3.163,0.843156063888934,0.0034108377724083,4.331726857353538e-05,2460905.9821840003,95,-1.0,-1,-1.0,-1
107,5756,WASP-183 b,KP,4.1117771,5.1e-06,2457796.1845,0.0024,2.016,16.47723,11.44,0.3784303803192977,,270.9781288586766,,0.0064600865874277,SH,159.55066,14.93801,80.88892257436392,0.0,10.680851063829786,0.7602866901144685,1111.0,5440.0,0.784,0.885304,-0.31,163.7888521,-0.7370663,13.081,11.268,,0.9842175920609539,0.04441456368466979,-0.26,2.357,2.1031557283525832,0.0025151524986565,4.509873105858436e-05,2460283.8096455,72,2461772.2729557,46,2462010.7560275,9
108,5759,WASP-187 b,KP,5.147878,5e-06,2455197.3529,0.002,5.82,18.38276,,0.0,,0.0,,0.0,SH,254.264,28.6047,70.59002400787871,10.0,8.88888888888889,0.8676199333623491,1760.0,6150.0,1.54,2.83,0.0,17.47474,25.6816494,10.295,8.906,,0.29826420064948744,0.00535595421173982,-0.26,2.368,0.8391762352751103,0.0130393657152332,7.878734507661545e-05,2460607.772678,84,2461395.3980119997,17,2462234.502126,17
109,5760,WASP-19 b,KP,0.78883852,7.5e-07,2456402.7128,0.0017,1.607,15.86070769,3.533,0.0126,0.014,51.0,89.0,0.0079294369272279,SH,366.77398168,24.79061575,259.76483809256206,0.0,14.794871792565296,1.1549098904204078,2113.0,5616.0,0.965,1.006,0.04,148.4167672,-45.6591078,12.248,10.602,,0.6675708955511426,0.001981323152473678,-0.26,2.35,1.638146122221934,0.0967007363174526,0.0012759386146063,2460774.45587784,90,-1.0,-1,2462017.66538536,9
110,5768,WASP-23 b,KP,2.9444256,1.1e-06,2455320.12363,0.00012,2.39424,10.783,10.21,0.062,,133.96386206720717,,-0.0430406806160042,SH,280.95,27.968,148.1088384793389,0.0,10.0454090389016,1.3743063189087987,1076.55,5150.0,0.78,0.765,-0.05,101.1275033,-42.7622296,12.539,10.514,,0.6943074481395055,0.006592694492747143,-0.26,2.36,0.6139555254637683,0.0017756942788403,2.249925798030268e-05,2460717.2557547996,88,-1.0,-1,2461939.1923788,6
111,5769,WASP-24 b,KP,2.34121,2e-06,2455402.12744,0.00015,2.6832,15.46842,5.91,0.0,,70.0,20.0,0.0,SH,394.1092,92.1707,149.45075402804727,10.0,4.275862068965517,1.2078811548255632,1772.0,6075.0,1.43,1.42,0.0,227.2154975,2.343286,11.219,10.219,,0.4538590695394721,0.002766731855822627,-0.26,2.35,0.7100489036916157,0.0212033318677348,0.0002345330820951,2459714.6362599996,51,-1.0,-1,-1.0,-1
112,5770,WASP-25 b,KP,3.76483,5e-06,2455888.66484,0.00013,2.759996,11.99363,11.1,0.0,,0.0,,0.0,SH,139.8452,31.783,75.04579406968418,10.0,4.4,0.9789027635815696,1210.0,5750.0,0.67,0.8,-0.05,195.3597581,-27.5222273,11.875,10.268,,0.5619845811663808,0.016823538278648378,-0.26,2.432,1.8958064781596904,0.0044077542066001,4.986747384743159e-05,2458591.8127800003,10,-1.0,-1,2462040.3970600003,10
113,5771,WASP-26 b,KP,2.7566,1e-05,2456548.80037,0.00022,2.3808565,13.56289,6.43,0.0,,311.6334300272029,,0.0,SH,270.1555,73.1009,114.1894836412344,10.0,3.695652173913044,1.1580658275471938,1650.0,6034.0,1.12,1.284,0.16,4.6030424,-15.2674044,11.297,9.775,,0.46799018433093786,0.005038978727973272,-0.26,2.405,0.9532998439568688,0.0171800313616859,0.0001548902041886,2459112.4383699996,29,-1.0,-1,-1.0,-1
114,5777,WASP-36 b,KP,1.53736596,2.4e-07,2455569.83771,0.00046,1.81584,14.874343,5.848,0.019,,59.28658885712521,,0.0097041391984793,SH,750.39663,22.2481,394.2593941272994,0.0,33.72857142857143,1.5215717838156573,1733.0,5959.0,1.081,0.985,-0.26,131.5803897,-8.0269855,12.836,11.353,,1.004817044891643,0.0019486378829713337,-0.26,2.35,0.399786883736019,0.0224243639811789,0.0004181384779644,2460716.93894408,88,-1.0,-1,2461991.4153249203,8
115,5778,WASP-37 b,KP,3.577469,1.1e-05,2455338.6188,0.0006,3.1296,13.002,9.6,0.0,,199.65889825681845,,-0.0,SH,572.07,54.029,251.6425483371663,0.0,10.588202631919897,1.5205853429572818,1232.5,5800.0,0.925,1.003,-0.4,221.9438866,1.0650227,12.815,11.181,,0.9478208642196568,0.004256039349937242,-0.26,2.35,0.260043685406035,0.0024277695356513,4.1822256134103985e-05,2459717.440856,51,-1.0,-1,-1.0,-1
116,5780,WASP-39 b,KP,4.0552842,3.5e-06,2459783.5015,6.8e-06,2.8032,14.930388,11.39,0.0,,0.0,,0.0,SH,88.989,9.535,37.446906042445306,10.0,9.332878867330887,0.5923506313804525,1166.0,5485.0,0.93,0.918,0.01,217.3266477,-3.4444994,12.095,10.307,,0.5828947036341131,0.07268915011399901,-0.26,2.546,3.946204116530808,0.0042592716001132,4.906088007787448e-05,2460801.3778342,91,-1.0,-1,-1.0,-1
117,5781,WASP-4 b,KP,1.338231466,2.3e-08,2455804.515752,1.9e-05,2.12832,14.807089,,0.0,,288.0,140.0,0.0,SH,376.94638,28.6047,240.91997696668005,0.0,13.177777777777775,1.2264966962649908,1673.0,5400.0,0.864,0.893,-0.07,353.5629149,-42.0617794,12.483,10.842,,0.7151159526801971,0.0026431910883142227,-0.26,2.35,1.1668161870536204,0.0346024468083784,0.0005099255931155,2460932.618729712,96,-1.0,-1,2461830.572043398,2
118,5782,WASP-41 b,KP,3.0524,1e-06,2457077.229441,7.1e-05,2.6376,12.3299,9.96,0.0,,226.9230430532552,,-0.0,SH,270.1555,34.9613,136.96576462711153,10.0,7.727272727272728,1.240851197863644,1244.0,5545.0,0.81,0.83,0.06,190.6188034,-30.6398176,11.632,9.752,,0.4757044810411689,0.003618859205270184,-0.26,2.384,1.3175605867479423,0.0071783637596173,6.403618670507976e-05,2460065.529041,64,-1.0,-1,2462040.4318410004,10
119,5784,WASP-43 b,KP,0.813475,1e-06,2455528.86774,0.00014,1.1592,10.424,4.837,0.0,,90.0,,0.0,SH,565.714,31.782,556.1287187974535,0.0,17.799823799635014,1.707684614058363,1426.7,4400.0,0.58,0.6,-0.05,154.9081869,-9.8064431,12.305,9.397,,0.5321071987679625,0.00027464321723681445,-0.26,2.35,0.9968191686777232,0.046533062396319,0.0003525020401846,2460746.49639,89,-1.0,-1,2462017.9578150003,9
120,5786,WASP-45 b,KP,3.126089,3e-06,2458339.143039,0.000312,1.6824,10.603714,9.97,0.043,,264.39090233623244,,-0.0042028597707819,SH,306.38812,18.43414,149.361747663343,0.0,16.620689655172416,1.4265124035650465,1153.0,5150.0,0.85,0.855,-0.03,5.2377567,-35.998465,11.801,10.365,,0.4623641299368351,0.0028748206125959073,-0.26,2.357,0.4922518888560717,0.0025196026159707,2.9807945986072073e-05,2460930.67082,96,-1.0,-1,2461830.9844520004,2
121,5787,WASP-46 b,KP,1.43036763,9.3e-07,2455392.31659,0.00058,1.6165994,13.159366,5.851,0.022,,169.71357505634546,,-0.0216464022241385,SH,607.0553,41.3179,390.2585504294976,0.0,14.692307692307692,1.5359148158903375,1636.0,5600.0,0.828,0.858,-0.3,318.7370122,-55.8718634,13.043,11.465,,1.0010188740047192,0.001973789947294117,-0.26,2.35,0.4043573163214868,0.0183573881204605,0.0003604216662217,2460906.38380365,95,-1.0,-1,2461801.79394003,1
122,5791,WASP-48 b,KP,2.14363,3e-06,2456176.98991,0.00012,3.1539349,16.8135,4.25,0.0,,152.32509620245622,,-0.0,SH,254.264,73.1009,137.24206799017142,10.0,3.4782608695652177,0.9451251113463824,2035.0,5920.0,0.88,1.58,-0.12,291.1623865,55.4730273,11.647,10.441,,0.5373714411862259,0.004599344197122075,-0.26,2.35,1.183640149642625,0.0364780328107391,0.0004469216666236,2460584.29319,83,2461641.10278,26,2462211.30836,16
123,5793,WASP-5 b,KP,1.6284279,2.2e-06,2454373.99598,0.00025,2.3688,12.184,5.4,0.038,0.026,34.38,26.93,0.0313618050303339,SH,502.15,41.32,280.38044273493887,0.0,12.1527105517909,1.5204101792694371,1706.0,5700.0,0.96,1.029,0.09,359.3490277,-41.2772202,12.147,10.65,,0.6420210659542691,0.0015729842605498741,-0.26,2.35,0.4094156315344843,0.0191634485282842,0.0002585078076711,2460933.3035612,96,-1.0,-1,2461830.5673341,2
124,5795,WASP-52 b,KP,1.7497798,1.2e-06,2455793.68143,9e-05,1.8096,14.24,7.3801,0.0,,205.23377134658136,,-0.0,SH,146.2,6.36,85.10450192714644,0.0,22.987421383647796,0.8490838869170334,1315.0,5000.0,0.87,0.79,0.03,348.4947931,8.7610793,12.192,10.186,,0.5533660890138571,0.01268356295876456,-0.26,2.453,3.482606597216229,0.0156231606205168,0.0001702036611639,2460582.8287426,83,-1.0,-1,-1.0,-1
125,5796,WASP-53 b,KP,3.3098443,2e-06,2455943.56695,0.00011,2.2676536,12.038466,11.05,0.03,,58.42868473993679,,0.0157067828717956,SH,677.61356,29.24036,326.480817595527,0.0,23.17391304347826,1.6609962800932625,1053.0,4953.0,0.839,0.798,0.22,31.9091639,-20.661843,12.591,10.474,,0.6860132165585652,0.0013245576998246068,-0.26,2.35,0.3257120984825654,0.0018759878840241,2.333619414228692e-05,2459140.8765438,30,-1.0,-1,2461858.2587141,3
126,5797,WASP-54 b,KP,3.69364,6e-06,2459163.93328,0.00018,4.466185,17.71022,5.88,0.07,0.03,62.0,21.0,0.0328630093950123,SH,187.5197,44.4962,73.85055939079777,10.0,4.214285714285714,0.7677554801991003,1759.0,6100.0,1.08,1.76,-0.27,205.4542456,-0.1281712,10.413,9.135,,0.3118093549733109,0.005348006886885624,-0.26,2.35,2.3842149751757753,0.0285132678420453,0.0001914463072035,2460800.2158,91,2461771.64312,46,-1.0,-1
127,5799,WASP-56 b,KP,4.6171,3e-06,2455841.60939,0.00023,3.5616,10.53646,10.88,0.0,,0.1983769599845652,,0.0,SH,143.0235,28.6047,68.98619440359363,10.0,5.0,1.101174449041748,1216.0,5600.0,0.71,0.96,0.12,183.3660401,23.055687,12.091,10.603,,0.6014274914364981,0.022801500667591387,-0.26,2.495,0.7327319460852465,0.0022093931030189,2.9165739598816818e-05,2459659.95109,49,2461529.87659,22,-1.0,-1
128,5803,WASP-6 b,KP,3.36101,2.8e-06,2455883.696962,6.5e-05,2.5685869,11.54527,10.62,0.05,0.02,1.7,0.12,0.0499779930059692,SH,117.5971,25.4264,74.84816006739462,10.0,4.625,0.936744917122452,1184.0,5450.0,0.55,0.73,-0.2,348.1571282,-22.6741248,11.907,10.445,,0.5205204259379275,0.014508902087969318,-0.26,2.409,2.199037588334587,0.0042895270585384,5.265133794765664e-05,2460205.955822,69,-1.0,-1,2461829.3236519997,2
129,5804,WASP-60 b,KP,4.305,6e-06,2456952.43264,0.00017,3.5311266,9.86392,10.04,0.0,,40.16212353567729,,0.0,SH,174.8065,60.3877,61.17388458088332,10.0,2.894736842105263,1.245614987659708,1479.0,5900.0,1.19,1.17,-0.04,356.6667136,31.1559115,11.67,10.656,,0.5396383340799922,0.023345045344652728,-0.26,2.405,0.4077746441598557,0.0041225190968032,5.576512449688344e-05,2460607.3776399996,84,-1.0,-1,-1.0,-1
130,5805,WASP-62 b,KP,4.41195,3e-06,2458851.099338,2.7e-05,3.65,14.79588,9.55,0.0,,274.0349247880649,,0.0,SH,165.2716,25.4264,60.089947468444045,10.0,6.5,0.8690731236889008,1475.3,6230.0,1.11,1.23,0.04,87.1398205,-63.9883286,10.213,9.008,,0.29232504032509593,0.007099857669928107,-0.26,2.437,2.7694055677321963,0.0159400434776172,0.0001009460899514,2460929.1277880003,96,-1.0,-1,2462120.354288,13
131,5807,WASP-64 b,KP,1.5732918,1.5e-06,2455582.60169,0.00027,2.39976,14.247,,0.0,,341.50690521048256,,0.0,SH,403.945,21.612,221.3293214606568,0.0,18.6907736442717,1.2900318811304243,1689.0,5400.0,1.004,1.058,-0.08,101.1149223,-32.8583878,12.704,11.079,,0.7989062815989424,0.003908724143672385,-0.26,2.35,0.6254409158439318,0.0215035162069006,0.0003534349397152,2460687.9335809997,87,-1.0,-1,2461965.4465226,7
132,5813,WASP-71 b,KP,2.90367,7e-06,2458720.93288,0.00017,5.0469369,13.22662,4.3,0.0,,345.55935412085586,,0.0,SH,441.7837,104.8839,147.2003323605313,10.0,4.212121212121212,1.3934684281076457,2049.0,6180.0,1.559,2.14325,0.15,29.2634506,0.7588247,10.56,9.416,,0.34205460574472557,0.0016199236974519591,-0.26,2.35,0.2909465244719738,0.0186821320911347,0.0001427665413329,2460230.8412800003,70,2461694.2909600004,43,2461885.93318,4
133,5814,WASP-73 b,KP,4.08722,0.00022,2458462.55487,0.00022,5.586113,15.91678,5.75,0.0,,232.6589963589856,,-0.0,SH,908.9938,292.4036,196.18372892980577,10.0,3.108695652173913,1.5460069868287314,1790.0,6030.0,2.52,2.55,0.14,319.9496969,-58.1489328,10.468,9.073,,0.31350404427130707,0.0007660931515438215,-0.26,2.35,0.1780972971381605,0.0125795927828981,8.20855254734032e-05,2460906.7124300003,95,-1.0,-1,2461801.81361,1
134,5815,WASP-74 b,KP,2.13775,1e-06,2457103.325971,8.5e-05,2.292,15.24424,4.86,0.0,,6.355425618895354,,0.0,SH,228.8376,38.1396,115.08355834850838,10.0,6.0,0.9844723221566346,1926.0,5990.0,0.98,1.42,0.39,304.538843,-1.0760033,9.75,8.286,,0.21850648866167388,0.0010814921402535294,-0.26,2.494,2.9195834572810377,0.0766158400667412,0.0003479513836525,2460532.276971,81,-1.0,-1,-1.0,-1
135,5816,WASP-75 b,KP,2.484193,3e-06,2456016.2669,0.0003,1.9728,14.235,6.37,0.0,,62.997013293107614,,0.0,SH,340.06,15.89,147.0471151260342,0.0,21.400881057268723,1.2159971004142878,1710.0,6100.0,1.14,1.26,0.07,342.3858995,-10.6754686,11.591,10.097,,0.5529360892511546,0.004241877383770552,-0.26,2.36,0.8279568092762337,0.0200031914046742,0.0002091699490441,2460828.1487410003,92,2461667.8059750004,42,-1.0,-1
136,5817,WASP-77 A b,KP,1.36002854,6.2e-07,2457420.88439,0.0008,2.148,13.78704626,,0.0074,0.0069,-166.0,66.0,-0.0071801883744423,SH,529.81995447,21.61233168,326.9499222763707,0.0,24.51470587786204,1.4363423383045928,1715.0,5617.0,0.903,0.91,-0.1,37.1555223,-7.0606675,10.294,8.374,,0.25296673340023,0.00017959142777286782,-0.26,2.35,2.0613259276472866,0.0946232125273829,0.0004475047903114,2459169.88109244,31,-1.0,-1,2461885.85808682,4
137,5818,WASP-78 b,KP,2.17518,5e-06,2457966.18625,0.00017,4.968,21.63337,,0.0,,328.1717834800279,,0.0,SH,352.7913,171.6282,114.6708278195521,10.0,2.0555555555555554,0.8684260032369112,2469.7,6100.0,1.87,2.46,-0.35,63.7562662,-22.1163901,11.965,11.084,,0.6491450181593429,0.009613882638793947,-0.26,2.35,0.6765635465397989,0.0378082498555298,0.0006228544538803,2459199.51331,32,-1.0,-1,2461911.9627699996,5
138,5825,WASP-85 A b,KP,2.6556777,4.4e-07,2456847.472856,1.4e-05,2.59584,13.89916,7.834,0.0,,63.49548778356688,,0.0,EA,402.05495,20.65895,175.16499237865693,0.0,19.461538461538463,1.309464797653168,1452.0,6112.0,1.09,0.935,0.118,175.9080328,6.5637842,10.72,8.925,,0.3596823856080941,0.0012649255524603588,-0.26,2.361,1.7237546795190817,0.0238333316357225,0.0001452729501613,2460283.9197998,72,2461773.7549895,46,-1.0,-1
139,5826,WASP-89 b,KP,3.3564227,2.5e-06,2456207.02114,0.00012,2.46,11.65736,10.51,0.193,0.009,28.0,4.0,0.1704088854217729,EA,1875.197,127.132,859.4046759032609,0.0,14.749999999999998,2.131002975510385,1120.0,5130.0,0.92,0.88,0.15,313.9000261,-18.9714084,13.21,11.094,,1.0039629054958898,0.0004094125616880556,-0.26,2.35,0.0702564728973216,0.0016575788749713,2.743305683365486e-05,2460828.8151979,92,-1.0,-1,-1.0,-1
140,5827,WASP-91 b,KP,2.798581,3e-06,2456297.719,0.0002,2.3424,11.54527,9.1,0.0,,242.19380167409128,,-0.0,EA,425.8922,25.4264,216.86307133927144,0.0,16.75,1.4956479914202645,1160.0,4920.0,0.84,0.86,0.19,357.846434,-70.1528621,11.98,9.838,,0.47600114863552256,0.0014453267735946187,-0.26,2.37,0.5761998450306277,0.00433662388848,4.0248690754112856e-05,2460906.981907,95,-1.0,-1,2461799.729246,1
141,5828,WASP-94 A b,KP,3.95019,4e-06,2458300.64763,0.00013,4.488,17.71022,,0.0,,224.44429530842996,,-0.0,EA,158.915,41.3179,45.66222339314772,10.0,3.846153846153846,0.6958734728929749,1604.0,6170.0,1.67,1.48,0.26,313.7832393,-34.1357512,10.051,8.916,,0.2622107890246587,0.009892550150908624,-0.26,2.543,3.7084237191567206,0.0269681569325133,0.0001637009752592,2460903.82284,95,-1.0,-1,2461800.51597,1
142,5829,WASP-95 b,KP,2.18467,1e-06,2458326.505803,7e-05,2.86528,13.78707,6.51,0.0,,36.44172596566043,,0.0,EA,457.6752,88.9924,175.15114530281784,10.0,5.142857142857143,1.3727699116822552,1570.0,5830.0,1.46,1.23,0.14,337.4578243,-48.0030988,10.092,8.628,,0.2421193279167668,0.0005732633947697879,-0.26,2.355,1.061463050408758,0.0267317360729645,0.0001421108262865,2460906.601073,95,-1.0,-1,2461800.131103,1
143,5831,WASP-97 b,KP,2.07276,1e-06,2458355.490424,6.195e-05,2.5824,12.77826,,0.0,,267.3076137248719,,-0.0,EA,432.2488,60.3877,194.00057509660888,10.0,7.157894736842105,1.4139468481630737,1555.0,5640.0,1.18,1.08,0.23,24.6051389,-55.7720006,10.57,9.07,,0.2910481015755678,0.0006752191668161627,-0.26,2.375,0.9299260948859448,0.0245604503032597,0.0001600428678852,2460929.8583440003,96,-1.0,-1,2461829.436184,2
144,5832,WASP-98 b,KP,2.96264036,4.3e-07,2456333.392075,8.2e-05,1.908,12.823096,,0.07,,215.15501465483013,,-0.057231805950913,EA,293.03926,25.4264,150.53733938561842,0.0,11.525,1.24209651460542,1171.0,5473.0,0.809,0.741,-0.49,58.4290113,-34.3282716,13.252,11.295,,1.126114215147319,0.01678794988526453,-0.26,2.35,0.8043652310686346,0.0031725213008988,5.759762112263256e-05,2459171.60153988,31,-1.0,-1,2461885.38010964,4
145,5835,WTS-2 b,KP,1.0187068,6.5e-07,2454317.81333,0.00065,1.4947875,15.277867,,0.0,,293.0,29.0,0.0,EA,355.9696,50.8528,258.0092656044814,10.0,7.0,1.1744439534666358,2000.0,5000.0,0.82,0.752,0.2,293.7327826,36.8154936,15.954,13.464,,6.441031729726567,0.1869655221303547,-0.26,2.35,0.6839896304609934,0.0429982078816512,0.0021195826457524,2460558.4111868,82,2461316.329046,14,2462159.8182763997,14
146,5836,Wendelstein-1 b,KP,2.663416,1e-06,2455367.738464,1.4e-05,1.8429688,11.5609626,,0.012,,235.36928786081057,,-0.0068194186506405,EA,188.15536,52.44195,115.61999128617715,10.0,3.587878787878788,1.139685095047329,2198.0,4251.0,0.65,0.61,0.0,299.0506412,17.5699627,15.564,12.331,,4.253124705560469,0.4059491381734255,-0.26,2.35,1.5780230802841124,0.1349286596590104,0.0039473370071777,2460532.102088,81,2461317.809808,14,2462159.449264,14
147,5837,Wendelstein-2 b,KP,1.7522239,8e-07,2455679.2544,1.3e-05,2.1714375,12.9934728,,0.057,,216.99708147852937,,-0.045523971356542,EA,232.33373,171.94603,152.15601033104355,10.0,1.3512014787430684,1.1298182744974254,2470.0,4591.0,0.73,0.66,0.0,297.7909214,16.9125679,16.186,13.437,,7.4857626356038365,0.726131261601657,-0.26,2.35,1.04653192437428,0.1147276375229105,0.0055855770965278,2459795.2283411,54,2461317.9109102,14,2462158.9783822,14
148,5840,XO-1 b,KP,3.94153,2.7e-05,2455385.51978,5e-05,2.9712,12.77826,11.37,0.0,,186.62187439925884,,-0.0,EA,263.7989,41.3179,116.2235876438631,10.0,6.384615384615384,1.19948603216893,1210.0,5750.0,0.88,0.88,0.02,240.5492745,28.1696248,11.251,9.601,,0.4176952704678628,0.00387482252509175,-0.26,2.378,1.3966840000051808,0.0056217838760362,4.6781500287745447e-05,2459717.26125,51,2461613.13718,25,-1.0,-1
149,5841,XO-5 b,KP,4.1877558,6e-07,2456864.3129,0.0002,3.1176,12.78,9.85,0.0,,331.01,0.72,0.0,EA,378.2,9.53,146.06563685028885,0.0,39.68520461699895,1.355816309761125,1230.0,5430.0,1.04,1.13,0.05,116.7163868,39.0944695,12.198,10.443,,0.6126627223137474,0.005277983816244823,-0.26,2.355,0.4116955294086156,0.0029138085218659,3.573230309026919e-05,2459959.0644361996,60,-1.0,-1,-1.0,-1
