pl_name,pl_orbper,pl_radius,pl_radiuserr1,pl_radiuserr2,pl_radius_sigma,pl_mass,pl_masserr1,pl_masserr2,pl_mass_sigma
Kepler-323 c,3.5538229,1.57,0.04,-0.04,39.25,6.8,3.4,-3.2,2
HR 8799 b,170000,13,1,-1,13,2000,1000,-600,2
HD 28109 b,22.89104,2.199,0.098,-0.1,21.99,18.496,9.12,-7.609,2.028070175
Kepler-18 b,3.504725,2,0.1,-0.1,20,6.9,3.4,-3.4,2.029411765
HD 28109 d,84.25999,3.25,0.11,-0.11,29.54545455,5.681,2.738,-2.11,2.074872169
Kepler-277 b,17.324,2.92,0.73,-0.63,4,87.3,41.7,-39.9,2.09352518
Kepler-107 b,3.1800218,1.536,0.025,-0.025,61.44,3.8,1.8,-1.7,2.111111111
Kepler-19 b,9.28699,2.209,0.048,-0.048,46.02083333,6.1,2.8,-2.7,2.178571429
Kepler-328 b,34.921,2.3,0.96,-0.23,2.395833333,28.5,12.9,-12.3,2.209302326
Kepler-98 b,1.54168,1.99,0.22,-0.22,9.045454545,3.55,1.6,-1.6,2.21875
Kepler-11 f,46.6888,2.49,0.04,-0.07,35.57142857,2,0.8,-0.9,2.222222222
K2-266 e,19.482,2.73,0.14,-0.11,19.5,14.3,6.4,-5,2.234375
Kepler-103 c,179.60978,5.45,0.18,-0.18,30.27777778,38,17,-16,2.235294118
KOI-94 b,3.743208,1.71,0.16,-0.16,10.6875,10.5,4.6,-4.6,2.282608696
Kepler-100 b,6.88705,1.32,0.04,-0.04,33,7.34,3.2,-3.2,2.29375
Kepler-114 d,11.776,2.53,0.28,-0.28,9.035714286,3.9,1.7,-1.7,2.294117647
Kepler-102 d,10.311767,1.154,0.058,-0.058,19.89655172,3,1.3,-1.3,2.307692308
BD+20 594 b,41.6855,2.578,0.112,-0.112,23.01785714,22.2481,9.5349,-9.5349,2.333333333
Kepler-1647 b,1107.5923,11.874,0.138,-0.138,86.04347826,483,206,-206,2.344660194
HATS-37 A b,4.3315366,6.793,0.179,-0.179,37.94972067,31.46517,13.34886,-13.34886,2.357142857
Kepler-238 e,23.654,5.6,2.37,-0.46,2.362869198,169.7,71.7,-69.1,2.366806137
TOI-178 g,20.7095,2.87,0.14,-0.13,20.5,3.94,1.31,-1.62,2.432098765
HD 93963 A b,1.0391353,1.35,0.042,-0.042,32.14285714,7.8,3.2,-3.2,2.4375
Kepler-595 b,25.3029092,3.708,0.01,-0.01,370.8,17.4,7.1,-3.8,2.450704225
TOI-5398 c,4.77271,3.52,0.19,-0.19,18.52631579,11.8,4.8,-4.7,2.458333333
LHS 1815 b,3.814334,1.088,0.064,-0.064,17,1.58,0.64,-0.6,2.46875
CoRoT-31 b,4.62941,16.365,3.363,-3.363,4.866190901,266.9772,108.0622,-108.0622,2.470588235
Kepler-96 b,16.2385,2.67,0.22,-0.22,12.13636364,8.46,3.4,-3.4,2.488235294
L 98-59 b,2.2531136,0.85,0.061,-0.047,13.93442623,0.4,0.16,-0.15,2.5
Kepler-305 c,8.291,3.3,0.82,-0.33,4.024390244,6,2.4,-2.2,2.5
EPIC 246851721 b,6.180235,11.781,0.493,-0.493,23.89655172,953.49,349.613,-381.396,2.5
Kepler-103 b,15.9653287,3.486,0.057,-0.054,61.15789474,9.8,3.9,-3.9,2.512820513
TOI-1470 c,18.08816,2.47,0.02,-0.02,123.5,7.24,2.87,-2.77,2.522648084
CoRoT-24 c,11.759,5,0.5,-0.5,10,28,11,-11,2.545454545
Kepler-79 c,27.4029,3.72,0.08,-0.08,46.5,5.9,1.9,-2.3,2.565217391
HD 23472 e,7.90754,0.818,0.08,-0.065,10.225,0.72,0.28,-0.27,2.571428571
TOI-2136 b,7.851928,2.19,0.17,-0.17,12.88235294,6.37,2.45,-2.29,2.6
Kepler-102 e,16.1456994,2.17,0.11,-0.11,19.72727273,4.7,1.8,-1.8,2.611111111
HD 23472 d,3.97664,0.75,0.067,-0.057,11.19402985,0.55,0.21,-0.2,2.619047619
KOI-1831 d,34.169,1.13,0.05,-0.05,22.6,2.23,0.5,-0.84,2.654761905
K2-32 d,31.71701,3.484,0.112,-0.129,27.00775194,6.7,2.5,-2.5,2.68
TOI-2818 b,4.039709,15.278,0.516,-0.504,29.60852713,225.65817,82.63539,-82.63539,2.730769105
Kepler-113 b,4.754,1.82,0.05,-0.05,36.4,11.7,4.2,-4.2,2.785714286
HATS-46 b,4.7423729,10.122,0.65,-0.504,15.57230769,54.98459,19.70546,-19.70546,2.790322581
Kepler-350 d,26.136,2.8,1.28,-0.54,2.1875,14.9,5.3,-4.7,2.811320755
K2-36 c,5.340888,3.2,0.3,-0.3,10.66666667,7.9,2.8,-2.8,2.821428571
Kepler-117 b,18.7959228,8.059,0.269,-0.269,29.95910781,29.875,10.488,-10.488,2.848493516
Kepler-447 b,7.79430132,18.49,6.61,-6.28,2.797276853,435.41,152.55,-146.2,2.854211734
Kepler-79 d,52.0902,7.16,0.13,-0.16,44.75,6,2.1,-1.6,2.857142857
Kepler-328 c,71.312,5.4,2.24,-0.54,2.410714286,39.4,13.6,-12.6,2.897058824
TOI-178 d,6.5577,2.572,0.075,-0.078,32.97435897,3.01,0.8,-1.03,2.922330097
TOI-776 c,15.6653,2.02,0.14,-0.14,14.42857143,5.3,1.8,-1.8,2.944444444
K2-138 b,2.35309,1.51,0.11,-0.084,13.72727273,3.1,1.05,-1.05,2.952380952
CoRoT-35 b,3.22748,18.831,1.233,-1.233,15.27250608,349.61125,117.59651,-117.59651,2.972973007
Kepler-411 d,58.02035,3.319,0.104,-0.104,31.91346154,15.2,5.1,-5.1,2.980392157
Kepler-138 d,23.0923,1.51,0.04,-0.04,37.75,2.1,0.6,-0.7,3
Kepler-223 c,9.84564,3.44,0.2,-0.3,11.46666667,5.1,1.7,-1.1,3
POTS-1 b,3.1606296,10.548,0.404,-0.527,20.01518027,734.16,244.72,-244.72,3
HR 8799 c,69000,13,1,0,13,3000,1000,-1000,3
HR 8799 d,37000,13,1,0,13,3000,1000,-1000,3
WASP-88 b,4.954,16.365,2.354,-2.354,6.951996602,133.4886,44.4962,-44.4962,3
HIP 65426 b,,16.814,1.121,-1.121,14.99910794,2860.47,953.49,-953.49,3
OGLE2-TR-L9 b,2.4855335,18.046,0.448,-0.448,40.28125,1430.175,476.725,-476.725,3
Kepler-413 b,66.262,4.347,0.099,-0.099,43.90909091,67,22,-21,3.045454545
KELT-15 b,3.32944,19.504,2.242,-2.242,8.699375558,416.3573,136.6669,-136.6669,3.046511628
K2-36 b,1.422614,1.43,0.08,-0.08,17.875,4.3,1.4,-1.4,3.071428571
TOI-178 e,9.961881,2.207,0.088,-0.09,24.52222222,3.86,1.25,-0.94,3.088
HAT-P-21 b,4.12448,12.442,1.793,-1.793,6.939208031,1547.8321,498.9931,-498.9931,3.101910828
WASP-73 b,4.08722,15.917,2.466,-2.466,6.45458232,908.9938,292.4036,-292.4036,3.108695652
TOI-1246 d,18.6559,3.51,0.09,-0.09,39,5.3,1.7,-1.7,3.117647059
TOI-1260 c,7.493134,2.76,0.07,-0.07,39.42857143,13.2,4.23,-4.23,3.120567376
Kepler-425 b,3.79701816,10.962,0.247,-0.247,44.3805668,79.45,25.43,-25.43,3.124262682
HD 18599 b,4.1374354,2.6,0.15,-0.13,17.33333333,24.1,7.1,-7.7,3.12987013
K2-3 c,24.646729,1.582,0.057,-0.051,27.75438596,2.68,0.85,-0.85,3.152941176
Kepler-1655 b,11.8728787,2.213,0.082,-0.082,26.98780488,5.4,1.7,-1.7,3.176470588
WASP-61 b,3.8559,15.805,2.466,-2.466,6.409164639,851.7844,266.9772,-266.9772,3.19047619
Kepler-145 b,22.951,2.65,0.08,-0.08,33.125,37.1,11.6,-11.6,3.198275862
WASP-32 b,2.71866,10.761,1.681,-1.681,6.401546698,835.8929,260.6206,-260.6206,3.207317073
TOI-2669 b,6.2034,19.728,1.793,-1.793,11.00278862,193.87533,60.3874,-60.3874,3.210526202
HAT-P-64 b,4.007232,19.089,0.785,-0.785,24.31719745,184.34048,57.20911,-41.31769,3.222222475
Kepler-427 b,10.290994,13.79,2.35,-2.35,5.868085106,92.17,28.6,-28.6,3.222727273
HIP 9618 b,20.772907,3.9,0.044,-0.044,88.63636364,10,3.1,-3.1,3.225806452
Kepler-1972 c,11.3295,0.868,0.051,-0.05,17.01960784,2.11,0.59,-0.65,3.246153846
Kepler-1972 b,7.54425,0.802,0.042,-0.041,19.0952381,2.02,0.56,-0.62,3.258064516
Kepler-276 d,48.648,2.8,1.23,-0.27,2.276422764,16.3,5,-4.3,3.26
Kepler-106 c,13.5708,2.5,0.32,-0.32,7.8125,10.44,3.2,-3.2,3.2625
WASP-72 b,2.21673,14.46,2.018,-2.018,7.165510406,731.009,222.481,-222.481,3.285714286
WASP-34 b,4.31768,11.209,0.897,-0.897,12.4960981,177.9848,54.0311,-54.0311,3.294117647
Kepler-422 b,7.8914483,12.89,1.23,-1.23,10.4796748,136.66,41.32,-41.32,3.307357212
Kepler-129 c,82.2,2.52,0.07,-0.07,36,43,13,-12,3.307692308
TOI-4145 A b,4.0664428,13.305,0.359,-0.347,37.06128134,136.66622,41.31769,-41.31769,3.307692661
COCONUTS-2 b,402000000,12.442,0.336,-0.336,37.0297619,2002.31896,476.74261,-603.87397,3.315789485
Kepler-29 b,10.33974,2.55,0.12,-0.12,21.25,5,1.5,-1.3,3.333333333
Kepler-539 b,125.63243,8.373,0.191,-0.191,43.83769634,308.2951,92.1707,-92.1707,3.344827586
Kepler-282 e,44.347,3.1,1.26,-0.25,2.46031746,56.2,16.2,-16.7,3.365269461
K2-32 c,20.66093,3.134,0.123,-0.102,25.4796748,8.1,2.4,-2.4,3.375
WASP-84 c,1.4468849,1.95,0.12,-0.12,16.25,15.2,4.5,-4.2,3.377777778
Kepler-92 c,26.723,2.6,0.08,-0.08,32.5,6.1,1.8,-1.8,3.388888889
WASP-17 b,3.73543,20.961,2.69,-2.69,7.792193309,247.9074,73.1009,-73.1009,3.391304348
TOI-178 b,1.914558,1.152,0.073,-0.07,15.78082192,1.5,0.39,-0.44,3.409090909
Kepler-79 e,81.0659,3.49,0.14,-0.14,24.92857143,4.1,1.2,-1.1,3.416666667
Kepler-223 e,19.72567,4.6,0.27,-0.41,11.2195122,4.8,1.4,-1.2,3.428571429
KELT-9 b,1.4811235,21.196,0.684,-0.594,30.98830409,915.3504,266.9772,-266.9772,3.428571429
MASCARA-4 b,2.82406,17.15,0.785,-0.448,21.84713376,985.273,286.047,-286.047,3.444444444
WASP-58 b,5.01718,16.029,1.569,-1.569,10.21606119,308.2951,88.9924,-88.9924,3.464285714
HAT-P-7 b,2.20474,16.926,2.354,-2.354,7.190314359,584.8072,168.4499,-168.4499,3.471698113
WASP-48 b,2.14363,16.814,2.242,-2.242,7.49955397,254.264,73.1009,-73.1009,3.47826087
Kepler-25 b,6.238297,2.748,0.038,-0.035,72.31578947,8.7,2.5,-2.3,3.48
KOI-1783.02,284.215,5.44,0.52,-0.3,10.46153846,15,4.3,-3.6,3.488372093
Kepler-138 b,10.3134,0.64,0.02,-0.02,32,0.07,0.02,-0.02,3.5
HAT-P-26 b,4.23452,7.062,0.448,-0.448,15.76339286,22.2481,6.3566,-6.3566,3.5
K2-100 b,1.6739035,3.88,0.16,-0.16,24.25,21.8,6.2,-6.2,3.516129032
HAT-P-29 b,5.72319,13.115,1.457,-1.457,9.001372684,279.6904,79.4575,-79.4575,3.52
WASP-22 b,3.53269,13.787,1.569,-1.569,8.787125558,212.9461,60.3877,-60.3877,3.526315789
Kepler-277 c,33.006,3.36,0.83,-0.72,4.048192771,64.2,18.1,-15.7,3.546961326
TOI-836 c,8.59545,2.587,0.088,-0.088,29.39772727,9.6,2.7,-2.5,3.555555556
Wendelstein-1 b,2.663416,11.561,0.068,-0.068,170.0147059,188.15536,52.44195,-41.00007,3.587878788
Kepler-20 d,77.611455,2.606,0.053,-0.039,49.16981132,13.4,3.7,-3.6,3.621621622
WASP-174 b,4.2337005,16.107,0.56,-0.56,28.7625,104.88337,28.92239,-28.92239,3.626372855
TOI-3785 b,4.6747373,5.14,0.16,-0.16,32.125,14.95,4.1,-3.92,3.646341463
HAT-P-40 b,4.45724,17.038,1.906,-1.906,8.939139559,152.5584,41.3179,-41.3179,3.692307692
WASP-26 b,2.7566,13.563,1.681,-1.681,8.06841166,270.1555,73.1009,-73.1009,3.695652174
TOI-1452 b,11.06201,1.672,0.071,-0.071,23.54929577,4.82,1.3,-1.3,3.707692308
EPIC 220674823 c,13.3397,2.836,0.086,-0.073,32.97674419,8.9,2.4,-2.4,3.708333333
HAT-P-49 b,2.69155,17.822,2.018,-2.018,8.831516353,699.226,187.5197,-187.5197,3.728813559
NGTS-11 b,35.45533,9.158,0.314,-0.359,25.5097493,109.33352,29.24036,-23.20159,3.739130435
Kepler-276 c,31.884,2.9,1.27,-0.28,2.283464567,16.6,4.4,-3.6,3.772727273
Kepler-11 e,31.9996,4.19,0.07,-0.09,46.55555556,8,1.5,-2.1,3.80952381
HD 207496 b,6.441008,2.25,0.12,-0.1,18.75,6.1,1.6,-1.6,3.8125
Kepler-138 c,13.7815,1.51,0.04,-0.04,37.75,2.3,0.6,-0.5,3.833333333
K2-199 b,3.2253993,1.73,0.05,-0.04,34.6,6.9,1.8,-1.8,3.833333333
K2-79 b,10.9947,4.09,0.17,-0.12,24.05882353,9.2,2.4,-2.4,3.833333333
WASP-94 A b,3.95019,17.71,1.457,-1.457,12.15511325,158.915,41.3179,-41.3179,3.846153846
Kepler-454 b,10.5737534,2.37,0.13,-0.13,18.23076923,5.4,1.4,-1.4,3.857142857
HD 23472 c,29.79749,1.87,0.12,-0.11,15.58333333,3.41,0.88,-0.81,3.875
GJ 3929 b,2.616235,1.09,0.04,-0.04,27.25,1.75,0.44,-0.45,3.888888889
HATS-50 b,3.8297015,12.666,0.841,-0.841,15.06064209,123.9537,31.783,-31.783,3.9
TOI-1422 b,12.9972,3.96,0.13,-0.11,30.46153846,9,2.3,-2,3.913043478
NGTS-17 b,3.24253,13.899,1.233,-1.233,11.27250608,242.8209,61.97654,-52.12386,3.91794863
TOI-908 b,3.183792,3.186,0.155,-0.155,20.55483871,16.137,4.112,-4.039,3.924367704
HD 106315 b,9.55237,2.44,0.17,-0.17,14.35294118,12.6,3.2,-3.2,3.9375
TOI-1801 b,10.64387,2.079,0.124,-0.11,16.76612903,5.738,1.455,-1.428,3.943642612
TOI-2236 b,3.5315902,14.37,0.359,-0.347,40.02785515,502.16888,127.13136,-123.95308,3.950000063
CoRoT-7 b,0.85359163,1.681,0.112,-0.112,15.00892857,4.07661,1.01982,-1.01982,3.997381891
K2-182 b,4.7369683,2.69,0.07,-0.05,38.42857143,20,5,-5,4
TOI-530 b,6.387597,9.303,0.673,-0.673,13.82317979,127.13136,28.60456,-31.78284,4
WASP-13 b,4.35301,13.675,1.569,-1.569,8.715742511,114.4188,28.6047,-28.6047,4
GJ 9827 d,6.20147,2.022,0.046,-0.043,43.95652174,3.53,0.87,-0.88,4.011363636
TOI-2587 A b,5.45664,12.072,0.471,-0.448,25.63057325,69.28659,17.16273,-14.62011,4.037037814
Kepler-305 b,5.487,3.6,0.9,-0.36,4,10.5,2.6,-2,4.038461538
TOI-2184 b,6.90683,11.4,0.572,-0.572,19.93006993,206.58846,50.85255,-50.85255,4.062499521
K2-167 b,9.97748,2.3,0.21,-0.14,10.95238095,6.5,1.6,-1.5,4.0625
HATS-27 b,4.637038,16.814,2.242,-1.233,7.49955397,168.4499,41.3179,-41.3179,4.076923077
Kepler-29 c,13.28613,2.34,0.12,-0.11,19.5,4.5,1.1,-1.1,4.090909091
TrES-4 b,3.55395,18.046,2.018,-2.018,8.942517344,247.9074,60.3877,-60.3877,4.105263158
HD 106315 c,21.05704,4.35,0.23,-0.23,18.91304348,15.2,3.7,-3.7,4.108108108
WASP-63 b,4.37808,15.805,1.569,-1.569,10.07329509,117.5971,28.6047,-28.6047,4.111111111
EPIC 249893012 d,35.747,3.94,0.13,-0.12,30.30769231,10.18,2.46,-2.42,4.138211382
KOI-1257 b,86.647661,10.54,1.35,-1.35,7.807407407,460.83,111.24,-111.24,4.142664509
TOI-622 b,6.402513,9.236,0.314,-0.325,28.41846154,96.30201,21.93016,-22.88365,4.208332587
WASP-71 b,2.90367,13.227,1.345,-1.345,9.834200743,441.7837,104.8839,-104.8839,4.212121212
WASP-54 b,3.69364,17.71,1.906,-1.906,9.291710388,187.5197,44.4962,-44.4962,4.214285714
TOI-2421 b,4.3474032,10.368,0.392,-0.381,26.44897959,105.83686,25.10844,-25.10844,4.215190589
NGTS-16 b,4.84532,14.572,1.457,-1.345,10.00137268,211.99155,49.89906,-40.99986,4.248407685
Kepler-426 b,3.21751883,12.22,0.34,-0.34,35.94117647,108.06,25.43,-25.43,4.249311836
TOI-3693 b,9.088516,12.599,0.325,-0.258,38.76615385,324.18498,76.27882,-69.92225,4.249999934
CoRoT-29 b,2.85057,10.088,1.793,-1.793,5.626324596,270.1555,63.566,-63.566,4.25
Kepler-107 e,14.749143,2.903,0.035,-0.035,82.94285714,14.1,3.3,-3.3,4.272727273
WASP-24 b,2.34121,15.468,1.793,-1.793,8.62688232,394.1092,92.1707,-92.1707,4.275862069
K2-25 b,3.48456408,3.44,0.12,-0.12,28.66666667,24.5,5.7,-5.2,4.298245614
TOI-2583 A b,4.5207265,14.46,0.448,-0.37,32.27678571,79.4571,18.43405,-17.79839,4.310344173
WASP-68 b,5.0843,14.796,1.569,-1.569,9.430210325,343.2564,79.4575,-79.4575,4.32
NGTS-24 b,3.4678796,13.608,0.65,-0.695,19.57985612,165.27077,38.13941,-34.96112,4.333333159
KELT-6 b,7.8457,14.572,1.009,-1.009,14.4420218,165.2716,38.1396,-38.1396,4.333333333
Kepler-80 e,4.64489,1.6,0.08,-0.07,20,4.13,0.81,-0.95,4.347368421
TOI-1789 b,3.208664,16.141,2.69,-1.569,6.000371747,222.47988,50.85255,-50.85255,4.374999484
TOI-2018 b,7.435583,2.268,0.069,-0.069,32.86956522,9.2,2.1,-2.1,4.380952381
WASP-25 b,3.76483,11.994,1.121,-1.121,10.69937556,139.8452,31.783,-31.783,4.4
HAT-P-6 b,3.85298,16.589,1.681,-1.681,9.868530637,419.5356,95.349,-95.349,4.4
OGLE-TR-10 b,3.101278,14.011,1.569,-1.345,8.929891651,197.046,44.494,-44.494,4.428597114
K2-260 b,2.6266657,17.396,0.538,-0.639,27.22378717,451.3186,98.5273,-101.7056,4.4375
TOI-776 b,8.24661,1.85,0.13,-0.13,14.23076923,4,0.9,-0.9,4.444444444
Kepler-289 d,66.0634,2.68,0.17,-0.17,15.76470588,4,0.9,-0.9,4.444444444
Kepler-538 b,81.73778,2.215,0.04,-0.034,55.375,12.9,2.9,-2.9,4.448275862
HD 15337 c,17.1784,2.39,0.12,-0.12,19.91666667,8.11,1.82,-1.69,4.456043956
Kepler-411 c,7.834435,4.421,0.062,-0.062,71.30645161,26.4,5.9,-5.9,4.474576271
HATS-58 A b,4.2180896,12.274,0.695,-0.695,17.66043165,327.3649,73.1009,-73.1009,4.47826087
Kepler-95 b,11.5231,3.42,0.09,-0.09,38,13,2.9,-2.9,4.482758621
Lupus-TR-3 b,3.91405,9.976,0.785,-0.785,12.70828025,257.431,57.207,-57.207,4.49999126
Kepler-91 b,6.24658,15.323,0.773,-0.673,19.82276843,257.4423,57.2094,-54.0311,4.5
KELT-17 b,3.0801716,17.094,0.729,-0.673,23.44855967,416.3573,88.9924,-92.1707,4.517241379
Kepler-406 b,2.42629,1.43,0.03,-0.03,47.66666667,6.35,1.4,-1.4,4.535714286
Kepler-8 b,3.5224991,15.872,0.594,-0.695,22.83741007,187.5197,41.3179,-38.1396,4.538461538
HATS-6 b,3.3252725,11.187,0.213,-0.213,52.52112676,101.38777,22.2481,-22.2481,4.557142857
TOI-2000 b,3.09833,2.7,0.15,-0.15,18,11,2.4,-2.4,4.583333333
WASP-3 b,1.84683,15.917,1.906,-1.906,8.350996852,772.3269,168.4499,-168.4499,4.58490566
TOI-2364 b,4.0197517,8.608,0.258,-0.202,33.36434109,71.51139,13.66662,-15.57359,4.591837206
WASP-29 b,3.92273,8.631,0.785,-0.785,10.99490446,73.1009,15.8915,-15.8915,4.6
Kepler-131 b,16.092,2.41,0.2,-0.2,12.05,16.13,3.5,-3.5,4.608571429
HAT-P-30 b,2.8106,16.141,1.681,-1.681,9.602022606,263.7989,57.2094,-57.2094,4.611111111
TOI-178 f,15.231915,2.287,0.108,-0.11,20.79090909,7.72,1.67,-1.52,4.622754491
HD 63935 c,21.4023,2.9,0.13,-0.13,22.30769231,11.1,2.4,-2.4,4.625
WASP-6 b,3.36101,11.545,1.121,-1.121,10.29884032,117.5971,25.4264,-25.4264,4.625
WASP-49 b,2.78174,12.442,1.233,-1.233,10.09083536,117.5971,25.4264,-25.4264,4.625
Kepler-92 b,13.749,3.51,0.1,-0.1,35.1,64.3,13.9,-13.9,4.625899281
GJ 3090 b,2.853136,2.13,0.11,-0.11,19.36363636,3.34,0.72,-0.72,4.638888889
WASP-11 b,3.72247,12.442,1.121,-1.121,11.09901873,251.0857,54.0311,-54.0311,4.647058824
Kepler-238 f,50.447,2,0.85,-0.17,2.352941176,13.5,2.9,-2.5,4.655172414
Kepler-114 c,8.041,1.6,0.18,-0.18,8.888888889,2.8,0.6,-0.6,4.666666667
HD 191939 d,38.353037,2.995,0.07,-0.07,42.78571429,2.8,0.6,-0.6,4.666666667
TOI-1231 b,24.245586,3.65,0.16,-0.15,22.8125,15.4,3.3,-3.3,4.666666667
HATS-45 b,4.1876244,14.415,1.042,-1.042,13.83397313,222.481,47.6745,-47.6745,4.666666667
HD 93963 A c,3.6451398,3.228,0.059,-0.059,54.71186441,19.2,4.1,-4.1,4.682926829
WASP-55 b,4.46563,14.908,1.457,-1.457,10.23198353,193.8763,41.3179,-41.3179,4.692307692
WASP-172 b,5.477433,17.598,1.121,-1.121,15.6984835,149.3801,31.783,-31.783,4.7
GJ 1252 b,0.5182331,1.193,0.074,-0.074,16.12162162,1.32,0.28,-0.28,4.714285714
TOI-3884 b,4.5445697,6,0.18,-0.18,33.33333333,16.5,3.5,-1.8,4.714285714
TOI-3976 A b,6.607662,12.274,0.404,-0.392,30.38118812,55.61997,11.75965,-11.44182,4.729730051
Kepler-99 b,4.60358,1.48,0.08,-0.08,18.5,6.15,1.3,-1.3,4.730769231
HAT-P-8 b,3.07634,15.693,1.457,-1.457,10.77076184,406.8224,85.8141,-85.8141,4.740740741
Kepler-60 c,8.9187,1.9,0.15,-0.15,12.66666667,3.85,0.81,-0.81,4.75308642
WASP-67 b,4.61442,12.89,1.233,-1.233,10.4541768,136.6669,28.6047,-28.6047,4.777777778
TOI-4860 b,1.52275959,8.474,0.269,-0.269,31.50185874,212.94503,44.49598,-44.49598,4.7857139
WASP-193 b,6.2463345,16.41,0.661,-0.639,24.82602118,44.17815,9.21702,-9.21702,4.793105581
HATS-64 b,4.908897,18.82,0.908,-0.908,20.72687225,305.1168,63.566,-63.566,4.8
TOI-4562 b,225.11781,12.53,0.15,-0.15,83.53333333,732,152,-149,4.815789474
HATS-43 b,4.3888497,13.227,0.56,-0.56,23.61964286,82.95363,17.16282,-17.16282,4.833333333
Kepler-145 c,42.882,4.32,0.12,-0.12,36,79.4,16.4,-16.4,4.841463415
TOI-2154 b,3.8240801,16.287,0.594,-0.538,27.41919192,292.40213,60.3874,-57.20911,4.842104976
HATS-39 b,4.5776348,17.598,1.345,-1.345,13.08401487,200.2329,41.3179,-41.3179,4.846153846
Kepler-11 d,22.6845,3.12,0.06,-0.07,44.57142857,7.3,0.8,-1.5,4.866666667
HAT-P-5 b,2.78849,13.563,1.121,-1.121,12.09901873,311.4734,63.566,-63.566,4.9
TOI-836 b,3.81673,1.704,0.067,-0.067,25.43283582,4.53,0.92,-0.86,4.923913043
HD 183579 b,17.471278,3.55,0.15,-0.12,23.66666667,19.7,4,-3.9,4.925
TOI-1728 b,3.49151,5.05,0.16,-0.17,29.70588235,26.78,5.43,-5.13,4.931860037
Kepler-60 d,11.8981,1.99,0.16,-0.16,12.4375,4.16,0.84,-0.75,4.952380952
WASP-16 b,3.1186,13.675,1.121,-1.121,12.19892953,394.1092,79.4575,-79.4575,4.96
TOI-4329 b,2.9223,16.813,2.13,-2.13,7.89342723,143.02278,28.60456,-28.60456,4.999999301
Kepler-105 c,7.1262,1.31,0.07,-0.07,18.71428571,4.6,0.92,-0.85,5
Kepler-107 c,4.901452,1.597,0.026,-0.026,61.42307692,10,2,-2,5
K2-216 b,2.1748,1.75,0.17,-0.1,10.29411765,8,1.6,-1.6,5
TOI-5678 b,47.73022,4.91,0.08,-0.08,61.375,20,4,-4,5
WASP-56 b,4.6171,10.536,1.009,-1.009,10.4420218,143.0235,28.6047,-28.6047,5
L 98-59 d,7.450729,1.58,0.08,-0.08,19.75,2.31,0.46,-0.45,5.02173913
NGTS-18 b,3.05125,13.563,2.018,-2.018,6.721010902,129.99182,25.7441,-20.02319,5.049382965
TOI-3984 A b,4.353326,7.9,0.24,-0.24,32.91666667,44,8.7,-8,5.057471264
TOI-615 b,4.6615983,18.977,0.583,-0.639,29.69796557,138.25536,27.33324,-26.06193,5.058140199
WASP-93 b,2.7325321,17.901,0.863,-0.863,20.74275782,467.2101,92.1707,-92.1707,5.068965517
HATS-44 b,2.7439004,11.96,1.401,-0.796,8.536759458,177.9848,34.9613,-34.9613,5.090909091
K2-222 b,15.38857,2.35,0.08,-0.07,29.375,8.7,1.7,-1.7,5.117647059
K2-138 c,3.56004,2.299,0.12,-0.087,19.15833333,6.31,1.13,-1.23,5.130081301
WASP-95 b,2.18467,13.787,1.009,-1.009,13.66402379,457.6752,88.9924,-88.9924,5.142857143
OGLE-TR-211 b,3.67724,15.244,2.018,-1.009,7.554013875,327.351,63.563,-63.563,5.150024385
HD 5278 b,14.339156,2.45,0.05,-0.05,49,7.8,1.5,-1.4,5.2
TOI-4087 b,3.1774835,13.047,0.28,-0.269,46.59642857,232.01474,44.49598,-44.49598,5.214285425
TOI-1685 b,0.6691406,1.7,0.07,-0.07,24.28571429,3.09,0.59,-0.58,5.237288136
K2-18 b,32.939623,2.37,0.22,-0.22,10.77272727,8.92,1.7,-1.6,5.247058824
Kepler-74 b,7.340711,10.76,0.22,-0.22,48.90909091,200.22,38.14,-38.14,5.249606712
HAT-P-56 b,2.79083,16.926,1.233,-1.233,13.72749392,734.1873,139.8452,-139.8452,5.25
TOI-519 b,1.2652328,11.545,0.336,-0.336,34.36011905,147.15455,26.06193,-27.9689,5.261363514
K2-38 c,10.56103,2.49,0.22,-0.22,11.31818182,7.4,1.4,-1.3,5.285714286
Kepler-20 c,10.8540774,2.894,0.036,-0.033,80.38888889,11.1,2.1,-2.1,5.285714286
TOI-2207 b,8.001968,11.153,0.314,-0.303,35.51910828,203.41018,31.78284,-38.13941,5.333333159
Kepler-223 d,14.78869,5.24,0.26,-0.45,11.64444444,8,1.5,-1.3,5.333333333
TOI-1842 b,9.5739,11.657,0.673,-0.56,17.32095097,68.01528,12.71314,-12.07748,5.349998505
HD 73583 c,18.87974,2.39,0.1,-0.09,23.9,9.7,1.8,-1.7,5.388888889
K2-199 c,7.3744897,2.85,0.1,-0.09,28.5,12.4,2.3,-2.3,5.391304348
K2-295 b,4.024867,10.054,0.123,-0.056,81.7398374,106.47305,19.70546,-19.70546,5.403225806
Kepler-433 b,5.33408384,16.25,1.79,-1.79,9.078212291,896.24,165.26,-165.26,5.423211909
Kepler-76 b,1.5449298,15.244,1.345,-1.345,11.333829,638.8383,117.5971,-111.2405,5.432432432
Kepler-177 c,49.40926,8.73,0.36,-0.34,24.25,14.7,2.7,-2.5,5.444444444
TOI-1444 b,0.4702694,1.397,0.064,-0.064,21.828125,3.87,0.71,-0.71,5.450704225
HAT-P-14 b,4.62767,15.917,1.345,-1.345,11.83420074,1093.3352,200.2329,-200.2329,5.46031746
Kepler-80 c,9.52355,2.74,0.12,-0.1,22.83333333,6.74,1.23,-0.86,5.479674797
KELT-8 b,3.24406,18.159,1.121,-1.121,16.19892953,209.7678,38.1396,-38.1396,5.5
TOI-640 b,5.0037775,19.851,0.673,-0.628,29.49628529,279.6904,50.8528,-50.8528,5.5
Kepler-40 b,6.87349,13.11,0.45,-0.45,29.13333333,699.2,127.1,-127.1,5.501180173
TOI-3819 b,3.2443141,13.137,0.404,-0.392,32.51732673,352.78953,57.20911,-63.56568,5.550000094
TOI-1260 b,3.127463,2.41,0.05,-0.05,48.2,8.56,1.54,-1.54,5.558441558
CoRoT-28 b,5.20851,10.705,0.74,-0.74,14.46621622,153.82972,27.65121,-27.65121,5.563218391
K2-292 b,16.9841,2.63,0.11,-0.1,23.90909091,24.5,4.4,-4.4,5.568181818
K2-291 b,2.225177,1.589,0.095,-0.072,16.72631579,6.49,1.16,-1.16,5.594827586
Kepler-307 c,13.0729,2.2,0.07,-0.07,31.42857143,3.64,0.65,-0.58,5.6
Kepler-435 b,8.6001536,22.31,2.02,-2.02,11.04455446,266.97,47.67,-47.67,5.600377596
Kepler-45 b,2.455239,10.76,1.23,-1.23,8.74796748,160.497,28.604,-28.604,5.610998462
Kepler-56 b,10.5016,6.51,0.29,-0.28,22.44827586,22.1,3.9,-3.6,5.666666667
Kepler-223 b,7.38449,2.99,0.18,-0.27,11.07407407,7.4,1.3,-1.1,5.692307692
NGTS-2 b,4.511164,17.878,0.527,-0.504,33.92409867,235.1942,41.3179,-38.1396,5.692307692
K2-138 d,5.40479,2.39,0.104,-0.084,22.98076923,7.92,1.39,-1.35,5.697841727
WASP-184 b,5.1817,14.908,1.009,-1.009,14.77502478,181.1631,31.783,-31.783,5.7
TOI-3912 b,3.4936264,14.28,0.46,-0.448,31.04347826,129.03833,22.56582,-21.61233,5.718308929
Kepler-21 b,2.7858212,1.639,0.019,-0.015,86.26315789,7.5,1.3,-1.3,5.769230769
WASP-82 b,2.70579,18.159,1.457,-1.457,12.46328071,371.8611,63.566,-63.566,5.85
KELT-3 b,2.70339,17.486,1.233,-1.233,14.18167072,616.5902,104.8839,-104.8839,5.878787879
K2-110 b,13.86375,2.592,0.098,-0.097,26.44897959,15.9,2.7,-2.7,5.888888889
TOI-181 b,4.532,6.956,0.087,-0.101,68.87128713,46.1687,2.71,-7.83,5.896385696
TOI-1470 b,2.527093,2.18,0.04,-0.04,54.5,7.32,1.21,-1.24,5.903225806
HAT-P-3 b,2.8997,10.536,0.785,-0.785,13.42165605,206.5895,34.9613,-34.9613,5.909090909
TOI-2567 b,5.983944,10.929,0.347,-0.325,31.49567723,63.88351,10.80617,-9.85268,5.911762447
K2-66 b,5.06963,2.49,0.34,-0.24,7.323529412,21.3,3.6,-3.6,5.916666667
HD 80606 b,111.4367,11.994,0.336,-0.336,35.69642857,1392.0954,235.1942,-235.1942,5.918918919
Qatar-8 b,3.71495,14.404,0.247,-0.247,58.31578947,117.91493,19.70546,-19.70546,5.983870968
HD 63935 b,9.058811,2.99,0.14,-0.14,21.35714286,10.8,1.8,-1.8,6
WASP-117 b,10.02165,11.882,0.785,-0.785,15.13630573,95.349,15.8915,-15.8915,6
WASP-74 b,2.13775,15.244,1.121,-1.121,13.5985727,228.8376,38.1396,-38.1396,6
TOI-257 b,18.38818,7.163,0.146,-0.146,49.06164384,43.86032,7.31005,-7.31005,6.000002736
HAT-P-46 b,4.463129,14.392,3.038,-1.491,4.737327189,156.684,26.061,-16.526,6.012202141
TOI-1710 b,24.283429,5.34,0.11,-0.11,48.54545455,28.3,4.7,-4.7,6.021276596
HAT-P-39 b,3.54387,17.609,1.211,-0.908,14.54087531,190.372,31.464,-31.464,6.050470379
HATS-41 b,4.193649,14.908,3.251,-2.242,4.585665949,3082.951,508.528,-508.528,6.0625
TOI-270 b,3.3601538,1.206,0.039,-0.039,30.92307692,1.58,0.26,-0.26,6.076923077
K2-131 b,0.3693038,1.69,0.085,-0.058,19.88235294,7.9,1.3,-1.3,6.076923077
HD 86226 c,3.98442,2.16,0.08,-0.08,27,7.25,1.19,-1.12,6.092436975
HD 89345 b,11.8143,7.398,0.314,-0.336,22.01785714,34.9613,5.40311,-5.72094,6.111111111
XO-3 b,3.19154,15.805,1.345,-1.345,11.75092937,2316.9807,378.2177,-378.2177,6.12605042
HAT-P-69 b,4.7869491,18.786,0.572,-0.37,32.84265734,1137.8314,184.3414,-184.3414,6.172413793
WASP-160 B b,3.7684952,12.218,0.527,-0.46,23.18406072,88.35674,13.98452,-14.30235,6.177777778
HAT-P-32 b,2.1500082,22.194,0.504,-0.504,44.03571429,216.1244,34.9613,-31.783,6.181818182
NGTS-5 b,3.3569866,12.733,0.258,-0.258,49.35271318,72.78307,11.75971,-11.75971,6.189189189
GJ 3473 b,1.1980035,1.264,0.05,-0.049,25.28,1.86,0.3,-0.3,6.2
TOI-3023 b,3.9014971,16.432,0.482,-0.359,34.09128631,197.05361,31.78284,-28.60456,6.200000063
Kepler-78 b,0.35500745,1.201,0.028,-0.028,42.89285714,1.68,0.27,-0.27,6.222222222
TOI-269 b,3.6977104,2.77,0.12,-0.12,23.08333333,8.8,1.4,-1.4,6.285714286
HD 260655 b,2.76953,1.24,0.023,-0.023,53.91304348,2.14,0.34,-0.34,6.294117647
CoRoT-16 b,5.35227,13.11,1.79,-1.57,7.324022346,170.032,27.014,-26.379,6.294217813
Kepler-167 e,1071.23205,10.16,0.42,-0.42,24.19047619,321.00669,50.85255,-47.67426,6.312499373
WASP-14 b,2.24375,15.468,0.897,-0.897,17.24414716,2809.6172,444.962,-444.962,6.314285714
KELT-7 b,2.73477,17.934,0.673,-0.673,26.64784547,441.7837,69.9226,-69.9226,6.318181818
NGTS-23 b,4.0764326,14.202,0.336,-0.336,42.26785714,194.82881,30.82936,-30.82936,6.319586589
HD 149026 b,2.87589,8.295,0.224,-0.224,37.03125,120.7754,19.0698,-19.0698,6.333333333
KOI-1783.01,134.4628,8.86,0.25,-0.24,35.44,71,11.2,-9.2,6.339285714
TOI-532 b,2.3266508,5.82,0.19,-0.19,30.63157895,61.5,9.7,-9.3,6.340206186
HAT-P-65 b,2.6054552,21.185,1.457,-1.457,14.540151,167.49641,26.37989,-26.37989,6.34939759
Kepler-35 b,131.458,8.16,0.157,-0.157,51.97452229,40.363,6.356,-6.356,6.350377596
Kepler-48 c,9.67395,2.71,0.14,-0.14,19.35714286,14.61,2.3,-2.3,6.352173913
TOI-1695 b,3.1342791,1.9,0.16,-0.14,11.875,6.36,1,-1,6.36
WASP-101 b,3.58572,16.029,1.009,-1.009,15.88602577,162.0933,25.4264,-25.4264,6.375
XO-1 b,3.94153,12.778,0.785,-0.785,16.27770701,263.7989,41.3179,-41.3179,6.384615385
Kepler-396 c,88.505,5.3,1.95,-0.99,2.717948718,17.9,2.8,-1.3,6.392857143
Kepler-396 b,42.994,3.5,1.28,-0.65,2.734375,75.5,11.8,-5.8,6.398305085
Kepler-4 b,3.21346,4.002,0.213,-0.213,18.78873239,24.472,3.814,-3.814,6.416360776
K2-38 b,4.01593,1.655,0.096,-0.096,17.23958333,7.7,1.2,-1.1,6.416666667
TOI-1246 e,37.9216,3.78,0.16,-0.16,23.625,14.8,2.3,-2.3,6.434782609
HD 260655 c,5.70588,1.533,0.051,-0.046,30.05882353,3.09,0.48,-0.48,6.4375
TOI-2977 b,2.3505614,13.159,0.347,-0.303,37.9221902,533.95172,82.63539,-79.4571,6.461538089
HAT-P-15 b,10.8635,11.882,0.785,-0.785,15.13630573,616.5902,95.349,-95.349,6.466666667
TOI-431 d,12.46103,3.29,0.09,-0.09,36.55555556,9.9,1.53,-1.49,6.470588235
HATS-10 b,3.312846,10.862,0.684,-0.504,15.88011696,167.17858,25.74423,-25.74423,6.49382716
EPIC 229004835 b,16.141132,2.332,0.08,-0.094,24.80851064,10.4,1.6,-1.5,6.5
WASP-62 b,4.41195,14.796,0.897,-0.897,16.49498328,165.2716,25.4264,-25.4264,6.5
HAT-P-45 b,3.128992,15.984,1.962,-0.975,8.146788991,283.492,43.541,-31.464,6.510920741
K2-138 e,8.26146,3.39,0.156,-0.11,21.73076923,12.97,1.98,-1.99,6.51758794
WASP-99 b,5.75251,11.433,0.673,-0.673,16.98811293,772.3269,117.5971,-117.5971,6.567567568
Kepler-80 b,7.05246,2.67,0.1,-0.1,26.7,6.93,1.05,-0.7,6.6
TOI-1420 b,6.9561063,11.89,0.33,-0.33,36.03030303,25.1,3.8,-3.8,6.605263158
K2-238 b,3.20466,14.572,1.681,-1.569,8.668649613,273.3338,41.3179,-38.1396,6.615384615
K2-280 b,19.89526,7.5,0.44,-0.44,17.04545455,37.1,5.6,-5.6,6.625
HATS-40 b,3.2642736,17.71,1.793,-1.345,9.877300613,505.3497,76.2792,-76.2792,6.625
GU Psc b,,14.179,1.289,-1.289,11,3591.3,540.3,-540.3,6.646862854
Kepler-428 b,3.52563254,12.11,0.34,-0.34,35.61764706,403.63,60.39,-60.39,6.683722471
HATS-53 b,3.8537768,15.02,0.628,-0.628,23.91719745,189.10885,28.28687,-28.28687,6.685393258
TOI-2109 b,0.67247414,15.098,0.527,-0.527,28.64895636,1595.4986,238.37131,-238.37131,6.693333187
TOI-125 c,9.15059,2.759,0.1,-0.1,27.59,6.63,0.99,-0.99,6.696969697
K2-27 b,6.771315,4.48,0.23,-0.23,19.47826087,30.9,4.6,-4.6,6.717391304
HATS-38 b,4.375021,6.882,0.191,-0.191,36.03141361,23.51942,3.49613,-3.49613,6.727272727
OGLE-TR-182 b,3.9791,12.666,2.69,-0.897,4.708550186,320.995,47.672,-47.672,6.733407451
CoRoT-25 b,4.86069,12.11,3.4,-1.12,3.561764706,85.81,12.71,-12.71,6.751376869
TrES-2 b,2.47063,15.244,0.897,-0.897,16.99442586,473.5667,69.9226,-69.9226,6.772727273
WASP-165 b,3.465509,14.123,2.13,-1.906,6.630516432,209.13214,30.82951,-29.24036,6.783505155
KELT-12 b,5.031623,19.952,1.906,-1.793,10.4679958,301.9385,44.4962,-44.4962,6.785714286
Kepler-177 b,36.8601,3.5,0.19,-0.15,18.42105263,5.84,0.86,-0.82,6.790697674
HD 20329 b,0.926118,1.72,0.07,-0.07,24.57142857,7.42,1.09,-1.09,6.80733945
Kepler-279 d,54.414,3.1,1.24,-0.3,2.5,37.5,5.5,-4.5,6.818181818
CoRoT-11 b,2.99433,16.03,0.34,-0.34,47.14705882,740.51,108.06,-108.06,6.852766981
Kepler-279 c,35.736,4.3,1.72,-0.41,2.5,49.4,7.2,-5.9,6.861111111
NGTS-4 b,1.3373508,3.18,0.26,-0.26,12.23076923,20.6,3,-3,6.866666667
WASP-159 b,3.840401,15.468,1.009,-1.009,15.33002973,174.8065,25.4264,-25.4264,6.875
K2-285 c,7.138048,3.53,0.08,-0.08,44.125,15.68,2.28,-2.13,6.877192982
WASP-139 b,5.924262,8.967,0.56,-0.56,16.0125,37.18611,5.40311,-5.40311,6.882352941
HD 15337 b,4.75615,1.64,0.06,-0.06,27.33333333,7.51,1.09,-1.01,6.889908257
Kepler-51 d,130.194,9.7,0.5,-0.5,19.4,7.6,1.1,-1.1,6.909090909
L 98-59 c,3.6906745,1.34,0.07,-0.07,19.14285714,2.42,0.35,-0.34,6.914285714
Kepler-41 b,1.8555582,14.46,0.22,-0.22,65.72727273,177.98,25.43,-25.43,6.998820291
TOI-1670 c,40.74976,11.063,0.28,-0.28,39.51071429,200.2319,28.60456,-25.42627,6.999999301
WTS-2 b,1.0187068,15.278,0.684,-0.684,22.33625731,355.9696,50.8528,-50.8528,7
TOI-4791 b,4.28088,12.442,0.56,-0.56,22.21785714,734.18362,101.70509,-104.88337,7.000000286
TOI-178 c,3.23845,1.669,0.114,-0.099,14.64035088,4.77,0.55,-0.68,7.014705882
K2-285 b,3.471745,2.59,0.06,-0.06,43.16666667,9.68,1.21,-1.37,7.065693431
HATS-1 b,3.446459,14.594,1.816,-1.098,8.036343612,589.55,83.268,-62.292,7.080150838
K2-263 b,50.818947,2.41,0.12,-0.12,20.08333333,14.9,2.1,-2.1,7.095238095
WASP-35 b,3.16158,14.572,0.785,-0.785,18.56305732,225.6593,31.783,-31.783,7.1
TOI-2842 b,3.5514058,12.845,0.572,-0.538,22.45629371,117.59651,16.52708,-14.93794,7.115383359
TOI-1201 b,2.4919863,2.415,0.091,-0.09,26.53846154,6.28,0.84,-0.88,7.136363636
TOI-674 b,1.977143,5.25,0.17,-0.17,30.88235294,23.6,3.3,-3.3,7.151515152
WASP-97 b,2.07276,12.778,0.673,-0.673,18.98662704,432.2488,60.3877,-60.3877,7.157894737
HATS-70 b,1.8882378,15.513,0.886,-0.829,17.50902935,4100.007,572.094,-508.528,7.166666667
TOI-1759 b,18.85019,3.14,0.1,-0.1,31.4,10.8,1.5,-1.5,7.2
GJ 1132 b,1.628931,1.13,0.056,-0.056,20.17857143,1.66,0.23,-0.23,7.217391304
HATS-8 b,3.583893,9.785,1.379,-0.841,7.095721537,43.86054,6.03877,-6.03877,7.263157895
CoRoT-21 b,2.72474,14.572,1.569,-1.569,9.287444232,718.2958,98.5273,-98.5273,7.290322581
TOI-1075 b,0.6047328,1.791,0.116,-0.081,15.43965517,9.95,1.36,-1.3,7.316176471
TOI-1246 c,5.904144,2.51,0.08,-0.08,31.375,8.8,1.2,-1.2,7.333333333
WASP-144 b,2.2783152,9.528,0.56,-0.56,17.01428571,139.8452,19.0698,-19.0698,7.333333333
HATS-31 b,3.37796,18.383,2.466,-2.466,7.45458232,279.6904,38.1396,-38.1396,7.333333333
Kepler-15 b,4.942782,10.76,0.67,-0.78,13.79487179,209.76,25.43,-28.6,7.334265734
CoRoT-8 b,6.21229,6.39,0.22,-0.22,29.04545455,69.92,9.53,-9.53,7.33683106
HD 110113 b,2.541,2.05,0.12,-0.12,17.08333333,4.55,0.62,-0.62,7.338709677
HD 137496 b,1.62116,1.31,0.06,-0.05,21.83333333,4.04,0.55,-0.55,7.345454545
Kepler-423 b,2.6843285,13.361,0.583,-0.583,22.91766724,189.101,25.743,-25.743,7.345725051
NGTS-15 b,3.27623,12.33,1.121,-1.121,10.99910794,238.68913,32.4185,-27.9689,7.362744421
TOI-1246 b,4.30744,3.01,0.06,-0.06,50.16666667,8.1,1.1,-1.1,7.363636364
Wolf 503 b,6.00127,2.043,0.069,-0.069,29.60869565,6.27,0.85,-0.84,7.376470588
WASP-7 b,4.9546416,14.908,1.042,-1.042,14.30710173,305.1168,41.3179,-41.3179,7.384615385
TOI-1416 b,1.0697568,1.62,0.08,-0.08,20.25,3.48,0.47,-0.47,7.404255319
Qatar-9 b,1.540731,11.31,0.157,-0.157,72.03821656,378.2177,50.8528,-50.8528,7.4375
TOI-2152 A b,3.3773512,14.359,0.56,-0.516,25.64107143,899.45439,120.77479,-117.59651,7.447368693
Kepler-20 b,3.6961049,1.773,0.053,-0.03,33.45283019,9.7,1.3,-1.3,7.461538462
XO-4 b,4.12508,14.011,0.897,-0.897,15.61984392,451.3186,60.3877,-60.3877,7.473684211
Kepler-60 b,7.1334,1.71,0.13,-0.13,13.15384615,4.19,0.56,-0.52,7.482142857
TOI-1064 b,6.443868,2.587,0.043,-0.042,60.1627907,13.5,1.7,-1.8,7.5
Qatar-7 b,2.032046,19.055,0.336,-0.336,56.71130952,597.5204,79.4575,-79.4575,7.52
K2-261 b,11.633478,9.528,0.392,-0.381,24.30612245,59.75174,7.94571,-7.94571,7.520000101
Kepler-412 b,1.7208604,15.031,0.493,-0.516,29.12984496,299.07803,39.72875,-6.03877,7.528
TOI-3362 b,18.09547,12.801,0.482,-0.46,26.55809129,1598.35906,212.30938,-205.31715,7.528442973
K2-111 b,5.3518,1.82,0.11,-0.09,16.54545455,5.58,0.74,-0.73,7.540540541
HATS-13 b,3.0440499,13.585,0.392,-0.392,34.65561224,172.58169,22.88376,-22.88376,7.541666667
HD 97658 b,9.4897116,2.12,0.06,-0.06,35.33333333,8.3,1.1,-1.1,7.545454545
WASP-175 b,3.0652907,13.54,0.908,-0.908,14.91189427,314.6517,41.3179,-41.3179,7.615384615
TrES-1 b,3.03007,12.666,0.673,-0.673,18.82020802,266.9772,34.9613,-34.9613,7.636363636
TOI-1296 b,3.9443715,13.798,0.347,-0.347,39.76368876,94.71287,12.39531,-12.39531,7.64102471
NGTS-14 A b,3.5357173,4.977,0.336,-0.336,14.8125,29.24036,3.81396,-3.81396,7.666666667
WASP-127 b,4.17806203,14.695,0.28,-0.325,45.21538462,52.3466,6.80156,-5.46668,7.696263798
WASP-8 b,8.15872,12.666,0.56,-0.56,22.61785714,807.2882,104.8839,-104.8839,7.696969697
LTT 1445 A c,3.1239035,1.147,0.055,-0.054,20.85454545,1.54,0.2,-0.19,7.7
HAT-P-22 b,3.21222,12.89,2.13,-2.13,6.051643192,785.0401,101.7056,-101.7056,7.71875
HATS-28 b,3.1810781,13.384,0.785,-0.785,17.04968153,213.58176,27.65121,-27.65121,7.724137931
WASP-41 b,3.0524,12.33,0.56,-0.56,22.01785714,270.1555,34.9613,-34.9613,7.727272727
KELT-2 A b,4.11379,15.132,0.897,-0.897,16.86956522,540.311,69.9226,-69.9226,7.727272727
Kepler-94 b,2.50806,3.51,0.15,-0.15,23.4,10.84,1.4,-1.4,7.742857143
EPIC 249893012 c,15.624,3.67,0.17,-0.14,21.58823529,14.67,1.84,-1.89,7.761904762
Kepler-289 c,125.8518,11.59,0.19,-0.19,61,132,17,-17,7.764705882
TOI-5293 A b,2.930289,11.9,0.4,-0.4,29.75,170.4,21.8,-21.9,7.780821918
K2-265 b,2.369172,1.71,0.11,-0.11,15.54545455,6.54,0.84,-0.84,7.785714286
TOI-561 c,10.778831,2.91,0.04,-0.04,72.75,5.39,0.69,-0.68,7.811594203
HATS-66 b,3.1414391,15.816,0.942,-0.942,16.78980892,1694.0339,216.1244,-216.1244,7.838235294
K2-3 b,10.0546535,2.078,0.076,-0.067,27.34210526,5.11,0.65,-0.64,7.861538462
OGLE-TR-113 b,1.4324752,12.251,0.314,-0.213,39.01592357,400.449,50.851,-50.851,7.874948379
HATS-3 b,3.547851,15.48,0.392,-0.392,39.48979592,340.382,43.223,-43.223,7.875020244
Kepler-26 b,12.28,2.78,0.11,-0.11,25.27272727,5.12,0.65,-0.61,7.876923077
TOI-500 b,0.548177,1.166,0.061,-0.058,19.1147541,1.42,0.18,-0.18,7.888888889
Kepler-424 b,3.3118644,9.98,0.9,-0.67,11.08888889,327.35,41.32,-41.32,7.92231365
HD 114082 b,109.75,11.209,0.336,-0.336,33.36011905,2542.62726,317.82841,-317.82841,7.999999937
HD 191939 c,28.579743,3.195,0.075,-0.075,42.6,8,1,-1,8
Kepler-87 c,191.2318,6.14,0.29,-0.29,21.17241379,6.4,0.8,-0.8,8
WASP-170 b,2.34478022,12.285,0.953,-0.953,12.89087093,508.528,63.566,-63.566,8
HATS-63 b,3.0566527,13.529,0.437,-0.437,30.95881007,305.1168,38.1396,-38.1396,8
EPIC 249893012 b,3.5951,1.95,0.09,-0.08,21.66666667,8.75,1.09,-1.08,8.027522936
Kepler-30 b,29.33434,3.9,0.2,-0.2,19.5,11.3,1.4,-1.4,8.071428571
HATS-48 A b,3.1316666,8.967,0.168,-0.168,53.375,77.23269,6.99226,-9.5349,8.1
CoRoT-17 b,3.7681,11.43,0.78,-0.78,14.65384615,772.29,95.34,-95.34,8.100377596
K2-24 c,42.3391,7.5,0.3,-0.3,25,15.4,1.9,-1.8,8.105263158
Kepler-12 b,4.4379629,19.661,0.347,-0.404,48.66584158,137.30256,16.84499,-16.20933,8.150943396
K2-132 b,9.1751,14.572,0.785,-0.785,18.56305732,155.7367,19.0698,-19.0698,8.166666667
Kepler-434 b,12.8747099,12.67,2.91,-2.02,4.35395189,908.96,111.24,-111.24,8.171161453
TOI-733 b,4.884765,1.992,0.085,-0.09,22.13333333,5.72,0.7,-0.68,8.171428571
Kepler-307 b,10.4208,2.43,0.09,-0.09,27,7.44,0.91,-0.87,8.175824176
Qatar-10 b,1.645321,17.295,0.448,-0.448,38.60491071,233.92288,28.6047,-28.6047,8.177777778
L 168-9 b,1.4015,1.39,0.09,-0.09,15.44444444,4.6,0.56,-0.56,8.214285714
TOI-2046 b,1.4971842,16.141,1.233,-1.233,13.09083536,731.00534,88.99195,-88.99195,8.214286124
TOI-1194 b,2.310644,8.597,0.504,-0.46,17.05753968,144.92975,17.48056,-16.20925,8.290910017
K2-32 b,8.992,5.299,0.191,-0.191,27.7434555,15,1.8,-1.7,8.333333333
Kepler-419 b,69.7546,10.8,1.4,-1.3,7.714285714,794.5,95.3,-95.3,8.33683106
TOI-201 b,52.97818,11.299,0.135,-0.168,67.25595238,133.4886,15.8915,-9.5349,8.4
HIP 116454 b,9.0949,2.53,0.18,-0.18,14.05555556,10.1,1.2,-1.1,8.416666667
TOI-1181 b,2.103195,14.572,0.897,-0.897,16.24526198,375.03752,44.49598,-44.49598,8.428570851
OGLE-TR-132 b,1.689868,13.45,1.68,-1.23,8.005952381,375.02,44.49,-41.32,8.429309957
TOI-2498 b,3.738252,6.06,0.29,-0.27,20.89655172,34.62,4.1,-4.09,8.443902439
TOI-4137 b,3.8016122,13.574,0.448,-0.437,30.29910714,457.67291,54.03083,-47.67426,8.470588181
TOI-199 b,104.854,9.079,0.056,-0.056,162.125,54.03083,6.35657,-6.35657,8.49999764
TOI-4010 b,1.348335,3.02,0.08,-0.08,37.75,11,1.29,-1.27,8.527131783
HATS-26 b,3.3023881,19.616,2.354,-2.354,8.333050127,206.5895,24.15508,-24.15508,8.552631579
Kepler-30 d,143.34394,8.8,0.5,-0.5,17.6,23.1,2.7,-2.7,8.555555556
WASP-124 b,3.37265,13.899,0.336,-0.336,41.36607143,190.698,22.2481,-22.2481,8.571428571
CoRoT-1 b,1.5089557,16.7,0.9,-0.9,18.55555556,327.35,38.14,-38.14,8.582852648
Kepler-56 c,21.40239,9.8,0.46,-0.46,21.30434783,181,21,-19,8.619047619
KOI-142 b,10.91647,3.438,0.075,-0.075,45.84,9.5,1.1,-1.1,8.636363636
K2-24 b,20.88977,5.4,0.2,-0.2,27,19,2.2,-2.1,8.636363636
HAT-P-62 b,2.6453235,12.027,0.325,-0.325,37.00615385,241.86742,27.9689,-27.9689,8.647727297
TOI-561 b,0.4465688,1.425,0.037,-0.037,38.51351351,2,0.23,-0.23,8.695652174
CoRoT-6 b,8.886593,13.068,0.392,-0.392,33.33673469,940.74,108.06,-108.06,8.705719045
Kepler-10 c,45.294301,2.355,0.022,-0.022,107.0454545,11.4,1.3,-1.3,8.769230769
TOI-431 b,0.490047,1.28,0.04,-0.04,32,3.07,0.35,-0.35,8.771428571
Kepler-93 b,4.72673978,1.478,0.019,-0.019,77.78947368,4.66,0.53,-0.53,8.79245283
WASP-181 b,4.5195064,13.271,0.796,-0.661,16.67211055,95.03117,10.80622,-10.80622,8.794117647
WASP-113 b,4.54216875,15.793,1.076,-1.569,10.06564691,150.96925,17.16282,-16.52716,8.796296296
Kepler-1705 c,11.28,2.05,0.14,-0.15,13.66666667,5.42,0.61,-0.57,8.885245902
WASP-187 b,5.147878,18.383,0.56,-0.56,32.82678571,254.264,28.6047,-28.6047,8.888888889
WASP-163 b,1.6096884,13.473,1.087,-1.087,12.39466421,594.3421,66.7443,-66.7443,8.904761905
TOI-3688 A b,3.246075,13.081,0.538,-0.493,24.31412639,311.47184,31.78284,-34.96112,8.909092157
WASP-23 b,2.9444256,10.783,0.527,-0.628,17.17038217,280.95,27.968,-31.464,8.929252479
TOI-244 b,7.397225,1.52,0.12,-0.12,12.66666667,2.68,0.3,-0.3,8.933333333
HATS-2 b,1.354133,13.092,0.336,-0.336,38.96428571,427.463,47.672,-47.672,8.966751972
CoRoT-4 b,9.20205,13.34,0.67,-0.56,19.91044776,228.83,25.43,-25.43,8.998427055
HD 207897 b,16.202159,2.501,0.082,-0.078,30.5,14.4,1.6,-1.6,9
TOI-1601 b,5.331751,13.888,0.516,-0.437,26.91472868,314.6517,34.9613,-34.9613,9
WASP-180 A b,3.409264,13.899,0.448,-0.448,31.02455357,286.047,31.783,-31.783,9
WASP-90 b,3.916243,18.271,1.009,-1.009,18.10802775,200.2329,22.2481,-22.2481,9
TOI-1259 A b,3.477978,11.456,0.336,-0.303,34.0952381,140.16233,15.57359,-14.93794,9.000001284
TOI-157 b,2.0845435,14.415,0.258,-0.224,55.87209302,375.0394,41.3179,-38.1396,9.076923077
TOI-969 b,1.8237305,2.765,0.088,-0.097,28.50515464,9.1,1,-1,9.1
Kepler-18 c,7.64159,5.49,0.26,-0.26,21.11538462,17.3,1.9,-1.9,9.105263158
CoRoT-18 b,1.9000693,14.68,2.02,-2.02,7.267326733,1102.82,120.77,-120.77,9.13157241
TOI-763 c,12.2737,2.63,0.12,-0.12,21.91666667,9.32,1.02,-1.02,9.137254902
NGTS-3 A b,1.6753728,16.589,4.147,-4.147,4.000241138,756.4354,82.6358,-82.6358,9.153846154
Qatar-3 b,2.5079204,12.285,1.569,-1.569,7.829827916,1369.8473,149.3801,-149.3801,9.170212766
KOI-3680 b,141.241671,11.097,0.673,-0.785,14.13630573,613.4119,60.3877,-66.7443,9.19047619
WASP-169 b,5.6114118,14.617,1.681,-0.818,8.695419393,178.30263,19.38763,-19.38763,9.196721311
HATS-32 b,2.8126548,14,1.614,-1.076,8.674101611,292.4036,31.783,-31.783,9.2
GJ 3470 b,3.3366496,4.57,0.18,-0.18,25.38888889,13.9,1.5,-1.5,9.266666667
HATS-49 b,4.1480467,8.575,0.146,-0.146,58.73287671,112.19399,12.07754,-8.58141,9.289473684
Kepler-1705 b,9.03502,2.03,0.12,-0.14,14.5,4.47,0.48,-0.43,9.3125
WASP-39 b,4.055259,14.235,0.448,-0.448,31.77455357,88.989,9.535,-9.535,9.332878867
WASP-142 b,2.052868,17.15,0.897,-0.897,19.11928651,266.9772,28.6047,-28.6047,9.333333333
CoRoT-23 b,3.6313,11.77,1.46,-1.46,8.061643836,889.9,95.3,-95.3,9.337880378
TOI-1899 b,29.02,12.89,0.448,-0.56,23.01785714,209.7678,22.2481,-22.2481,9.428571429
NGTS-12 b,7.532806,11.747,0.359,-0.359,32.72144847,66.10864,6.99226,-6.99226,9.454545455
HD 136352 d,107.245,2.562,0.088,-0.079,29.11363636,8.82,0.93,-0.92,9.483870968
Kepler-25 c,12.7207,5.217,0.07,-0.065,74.52857143,15.2,1.3,-1.6,9.5
K2-136 c,17.30713,3,0.13,-0.13,23.07692308,18.1,1.9,-1.8,9.526315789
TOI-4010 c,5.414654,5.93,0.11,-0.12,49.41666667,20.31,2.13,-2.11,9.535211268
Kepler-26 c,17.2559,2.72,0.12,-0.12,22.66666667,6.2,0.65,-0.65,9.538461538
WASP-38 b,6.87188,13.787,0.673,-0.673,20.4858841,1093.3352,114.4188,-114.4188,9.555555556
GJ 436 b,2.64388312,4.17,0.168,-0.168,24.82142857,22.1,2.3,-2.3,9.608695652
KOI-94 d,22.342989,11.27,1.06,-1.06,10.63207547,106,11,-11,9.636363636
TOI-954 b,3.6849729,9.55,0.594,-0.695,13.74100719,55.30242,5.72094,-5.40311,9.666666667
HAT-P-17 b,10.33852,11.769,0.448,-0.448,26.27008929,184.3414,19.0698,-19.0698,9.666666667
WASP-69 b,3.86814,12.442,0.448,-0.448,27.77232143,92.1707,9.5349,-9.5349,9.666666667
WASP-65 b,2.3114243,12.464,0.661,-0.661,18.85627837,492.62,50.85,-50.85,9.687708948
TOI-3757 b,3.438753,12,0.4,-0.5,24,85.3,8.8,-8.7,9.693181818
TOI-1235 b,3.444714,1.69,0.08,-0.08,21.125,6.69,0.67,-0.69,9.695652174
HD 2685 b,4.12688,16.141,0.56,-0.56,28.82321429,371.8611,38.1396,-38.1396,9.75
TOI-1468 c,15.532482,2.064,0.044,-0.044,46.90909091,6.64,0.67,-0.68,9.764705882
Kepler-80 d,3.07222,1.53,0.09,-0.07,17,6.75,0.69,-0.51,9.782608696
WASP-147 b,4.60273,12.498,1.569,-1.042,7.965583174,87.40325,8.89924,-8.58141,9.821428571
Kepler-411 b,3.005156,2.401,0.053,-0.053,45.30188679,25.6,2.6,-2.6,9.846153846
TOI-824 b,1.392978,2.926,0.202,-0.191,14.48514851,18.467,1.843,-1.875,9.849066667
TOI-1333 b,4.720219,15.648,0.628,-0.605,24.91719745,753.2571,76.2792,-76.2792,9.875
HATS-65 b,3.105161,16.825,0.56,-0.56,30.04464286,260.93843,26.37989,-26.37989,9.891566265
CoRoT-5 b,4.0378962,15.558,0.516,-0.527,29.52182163,148.42,14.937,-7.628,9.936399545
TOI-1052 b,9.139703,2.87,0.29,-0.24,9.896551724,16.9,1.7,-1.7,9.941176471
HATS-7 b,3.185315,6.311,0.516,-0.381,12.23062016,38.1396,3.81396,-3.81396,10
Kepler-51 c,85.312,9,2.8,-1.7,3.214285714,4,0.4,-0.4,10
WASP-129 b,5.748145,10.424,0.336,-0.336,31.02380952,317.83,31.783,-31.783,10
WASP-83 b,4.971252,11.657,0.897,-0.56,12.99554069,95.349,9.5349,-9.5349,10
WASP-190 b,5.367753,12.89,1.009,-1.009,12.77502478,317.83,31.783,-31.783,10
TOI-4406 b,30.08364,11.209,0.224,-0.224,50.04017857,95.34852,9.53485,-9.53485,10.0000021
Kepler-44 b,3.2467293,12.22,0.78,-0.78,15.66666667,317.82,31.78,-31.78,10.00062933
Kepler-101 b,3.4876812,5.77,0.85,-0.79,6.788235294,51.1,5.1,-4.7,10.01960784
Qatar-6 b,3.506195,11.904,0.796,-0.796,14.95477387,212.31044,20.97678,-20.97678,10.12121212
LP 791-18 c,4.9899093,2.438,0.096,-0.096,25.39583333,7.1,0.7,-0.7,10.14285714
TOI-163 b,4.231306,16.69,0.381,-0.381,43.80577428,387.7526,38.1396,-38.1396,10.16666667
LTT 3780 c,12.252196,2.33,0.14,-0.13,16.64285714,7.02,0.69,-0.67,10.17391304
WASP-151 b,4.5334775,13.305,0.235,-0.235,56.61702128,100.43378,9.85268,-9.85268,10.19354937
Kepler-117 c,50.790391,12.341,0.392,-0.392,31.48214286,584.78,57.21,-57.21,10.22163957
TOI-2158 b,8.60077,10.761,0.135,-0.135,79.71111111,260.61929,25.42627,-25.42627,10.25000088
Kepler-7 b,4.8854892,18.181,0.146,-0.146,124.5273973,140.16303,13.66669,-13.34886,10.25581395
LTT 3780 b,0.76837883,1.32,0.06,-0.06,22,2.47,0.24,-0.24,10.29166667
TOI-5398 b,10.590547,10.3,0.4,-0.4,25.75,58.7,5.7,-5.6,10.29824561
TOI-5344 b,3.792622,10.604,0.235,-0.235,45.12340426,130.9453,12.71314,-12.71314,10.2999967
GJ 143 b,35.61253,2.61,0.17,-0.16,15.35294118,22.7,2.2,-1.9,10.31818182
LHS 1140 c,3.77792,1.169,0.037,-0.038,30.76315789,1.76,0.17,-0.16,10.35294118
HATS-29 b,4.6058749,14.022,0.684,-0.684,20.5,207.54299,20.02329,-20.02329,10.36507937
WASP-57 b,2.83891856,11.769,0.594,-0.594,19.81313131,204.68252,19.70546,-19.70546,10.38709677
HAT-P-55 b,3.5852467,13.249,0.616,-0.616,21.50811688,184.97706,17.79848,-17.79848,10.39285714
CoRoT-26 b,4.20474,14.12,1.46,-0.78,9.671232877,165.26,15.89,-15.89,10.40025173
HATS-74 A b,1.73185606,11.568,0.235,-0.235,49.22553191,464.02947,44.49598,-44.49598,10.42857063
WASP-168 b,4.153658,16.814,5.604,-3.363,3.000356888,133.4886,12.7132,-12.7132,10.5
TOI-1634 b,0.9893455,1.773,0.077,-0.077,23.02597403,7.57,0.71,-0.72,10.51388889
HD 23472 b,17.667087,2,0.11,-0.1,18.18181818,8.32,0.78,-0.79,10.53164557
HD 206893 c,2090,16.365,2.018,-0.673,8.109514371,4036.42077,381.39409,-317.82841,10.58333329
WASP-37 b,3.577469,13.002,0.785,-0.673,16.56305732,572.07,54.029,-54.029,10.58820263
TOI-4582 b,31.034,10.536,1.009,-1.345,7.833457249,168.44906,15.89142,-15.89142,10.6000005
HD 221416 b,14.2767,9.17,0.34,-0.31,26.97058824,60.5,5.7,-5.7,10.61403509
WASP-79 b,3.662392,17.15,0.448,-0.448,38.28125,270.15415,25.42627,-25.42627,10.62500123
TOI-2337 b,2.99432,10.088,1.121,-1.121,8.999107939,508.52545,47.67426,-47.67426,10.66666688
Kepler-82 c,51.54,5.34,0.32,-0.13,16.6875,13.9,1.3,-1.2,10.69230769
TOI-1272 b,3.31599,4.14,0.21,-0.21,19.71428571,24.6,2.3,-2.3,10.69565217
TOI-2641 b,4.880974,18.103,5.179,-7.174,2.523417898,122.68177,6.99222,-11.44182,10.72222514
KELT-18 b,2.8717518,17.598,0.471,-0.404,37.36305732,375.0394,34.9613,-34.9613,10.72727273
K2-232 b,11.168454,11.209,0.247,-0.224,45.3805668,126.49634,11.75971,-11.75971,10.75675676
TOI-125 b,4.65382,2.726,0.075,-0.075,36.34666667,9.5,0.88,-0.88,10.79545455
EPIC 220674823 b,0.571292,1.725,0.039,-0.039,44.23076923,8.21,0.76,-0.74,10.80263158
NGTS-1 b,2.647298,14.908,6.837,-3.699,2.180488518,258.07796,20.97678,-23.83725,10.82666667
TOI-421 b,5.19672,2.68,0.19,-0.18,14.10526316,7.17,0.66,-0.66,10.86363636
Kepler-10 b,0.8374907,1.47,0.03,-0.02,49,3.26,0.3,-0.3,10.86666667
TOI-2025 b,8.8720982,11.893,0.37,-0.347,32.14324324,1144.18227,104.88337,-104.88337,10.9090914
WASP-47 d,9.03055,3.567,0.045,-0.045,79.26666667,14.2,1.3,-1.3,10.92307692
GJ 9827 b,1.2089819,1.577,0.027,-0.031,50.87096774,5.14,0.47,-0.47,10.93617021
NGTS-13 b,4.119027,12.801,0.516,-0.516,24.80813953,1538.2972,139.8452,-139.8452,11
NGTS-25 b,2.823093,11.467,0.392,-0.583,19.66895369,203.09235,18.43405,-16.52708,11.01723984
TOI-270 d,11.379573,2.133,0.058,-0.058,36.77586207,4.78,0.43,-0.43,11.11627907
TOI-1298 b,4.537164,9.427,0.235,-0.235,40.11489362,113.14691,10.17051,-10.17051,11.12499865
NGTS-21 b,1.5433897,14.908,0.336,-0.336,44.36904762,750.07504,66.74397,-66.74397,11.23809447
HD 136352 b,11.57797,1.664,0.043,-0.043,38.69767442,4.72,0.42,-0.42,11.23809524
Qatar-4 b,1.8053564,12.722,1.233,-1.233,10.31792376,1938.763,171.6282,-171.6282,11.2962963
TOI-125 d,19.98,2.93,0.17,-0.17,17.23529412,13.6,1.2,-1.2,11.33333333
HAT-P-37 b,2.797436,13.204,0.863,-0.863,15.30011587,371.528,32.735,-32.735,11.34956469
KELT-11 b,4.7361,15.132,1.121,-1.121,13.49866191,54.34893,4.76745,-4.76745,11.4
TOI-778 b,4.633611,15.4,0.5,-0.5,30.8,878,77,-72,11.4025974
WTS-1 b,3.352057,16.7,1.79,-2.02,8.267326733,1274.44,111.24,-111.24,11.45667026
TOI-1820 b,4.860674,12.778,0.224,-0.224,57.04464286,731.00534,63.56568,-63.56568,11.50000031
K2-60 b,3.00265,7.656,0.415,-0.415,18.44819277,135.39558,11.75971,-11.75971,11.51351351
WASP-98 b,2.96264036,12.823,0.381,-0.381,33.65616798,293.03926,25.4264,-25.4264,11.525
WASP-171 b,3.8186244,10.985,0.785,-0.448,13.99363057,344.52772,29.87602,-29.87602,11.53191489
TOI-1268 b,8.1577094,9.1,0.6,-0.6,15.16666667,96.4,8.2,-8.3,11.61445783
HD 332231 b,18.71204,9.718,0.303,-0.28,32.07260726,77.55052,6.67443,-6.67443,11.61904762
LHS 1478 b,1.9495378,1.242,0.051,-0.049,24.35294118,2.33,0.2,-0.2,11.65
TOI-784 b,2.7970365,1.93,0.11,-0.09,17.54545455,9.67,0.83,-0.82,11.65060241
TOI-132 b,2.1097019,3.42,0.13,-0.14,24.42857143,22.4,1.9,-1.92,11.66666667
TOI-4010 d,14.70886,6.18,0.14,-0.15,41.2,38.15,3.27,-3.22,11.66666667
K2-287 b,14.893291,9.494,0.146,-0.146,65.02739726,100.11645,8.58141,-8.58141,11.66666667
HATS-59 b,5.416081,12.621,0.863,-0.863,14.62456547,256.17098,21.93027,-21.93027,11.68115942
HAT-P-9 b,3.92281072,15.614,0.751,-0.729,20.79094541,238.05467,20.34112,-20.02329,11.703125
Kepler-18 d,14.85888,6.98,0.33,-0.33,21.15151515,16.4,1.4,-1.4,11.71428571
TOI-2803 A b,1.96229325,18.114,0.381,-0.359,47.54330709,309.8827,26.37976,-22.24799,11.74698708
TOI-2497 b,10.655669,11.142,0.616,-0.549,18.08766234,1531.93292,130.30965,-130.30965,11.75609727
K2-329 b,12.4551225,8.676,0.291,-0.269,29.81443299,82.6358,6.3566,-6.99226,11.81818182
TOI-1937 A b,0.94667944,13.978,0.661,-0.695,20.11223022,638.8351,54.03083,-50.85255,11.82352927
WASP-92 b,2.1746742,16.376,0.863,-0.863,18.97566628,255.85315,21.61244,-21.61244,11.83823529
WASP-161 b,5.4060425,12.812,0.729,-0.65,17.57475995,791.3967,66.7443,-66.7443,11.85714286
TOI-1694 b,3.77015,5.44,0.18,-0.18,30.22222222,26.1,2.2,-2.2,11.86363636
WASP-176 b,3.899052,16.87,0.56,-0.504,30.125,271.74465,22.88376,-21.93027,11.875
WASP-47 e,0.7895933,1.808,0.026,-0.026,69.53846154,6.77,0.57,-0.57,11.87719298
HATS-47 b,3.9228038,12.52,0.157,-0.157,79.74522293,117.27927,9.85273,-6.67443,11.90322581
Kepler-68 b,5.39875259,2.357,0.023,-0.023,102.4782609,8.03,0.67,-0.67,11.98507463
HIP 29442 b,13.63083,3.48,0.07,-0.08,43.5,9.6,0.8,-0.8,12
HATS-60 b,3.560829,12.924,0.594,-0.594,21.75757576,210.40346,17.48065,-17.48065,12.03636364
TOI-1062 b,4.11296,2.265,0.096,-0.091,23.59375,10.15,0.81,-0.84,12.08333333
HATS-67 b,1.6091788,18.887,0.527,-0.527,35.83870968,460.8535,38.1396,-38.1396,12.08333333
WASP-4 b,1.33823147,14.807,0.437,-0.437,33.88329519,376.94638,28.6047,-31.14734,12.10204082
HATS-55 b,4.2042001,14.022,0.291,-0.291,48.18556701,292.72143,24.15508,-24.15508,12.11842105
WASP-158 b,3.656333,11.994,1.681,-1.681,7.135038667,886.7457,73.1009,-73.1009,12.13043478
HAT-P-44 b,4.301219,13.922,1.188,-0.572,11.71885522,111.871,9.217,-9.217,12.13746338
WASP-5 b,1.6284279,12.184,0.762,-0.796,15.30653266,502.15,41.32,-31.78,12.15271055
WASP-84 b,8.52349648,10.72,0.27,-0.27,39.7037037,220,18,-18,12.22222222
GPX-1 b,1.744579,16.477,1.121,-1.121,14.6984835,6261.21962,508.52545,-508.52545,12.31250003
TOI-169 b,2.2554477,12.173,0.908,-0.538,13.40638767,251.40353,20.34112,-19.0698,12.359375
K2-237 b,2.18053539,16.197,0.549,-0.504,29.50273224,433.20012,34.96112,-29.24021,12.39091082
HAT-P-58 b,4.0138379,14.93,0.482,-0.482,30.97510373,118.23217,9.53485,-9.53485,12.40000315
Kepler-43 b,3.0240949,13.664,0.729,-0.717,18.74348422,1026.5909,82.6358,-82.6358,12.42307692
WASP-189 b,2.724033,18.147,0.235,-0.235,77.2212766,632.47853,50.85255,-44.49598,12.43749881
TOI-1811 b,3.7130765,11.142,0.28,-0.258,39.79285714,308.92921,24.15496,-24.79062,12.46153626
Kepler-1658 b,3.84937278,11.994,0.56,-0.56,21.41785714,1868.8404,149.3801,-146.2018,12.5106383
KPS-1 b,1.706291,11.545,1.457,-1.345,7.92381606,346.4347,27.33338,-27.65121,12.52873563
HATS-42 b,2.292102,15.693,2.802,-1.569,5.600642398,597.5204,47.6745,-47.6745,12.53333333
TOI-763 b,5.6057,2.28,0.11,-0.11,20.72727273,9.79,0.78,-0.78,12.55128205
HAT-P-42 b,4.641878,14.348,1.715,-1.715,8.366180758,331.801,26.379,-26.379,12.5782251
HATS-75 b,2.7886556,9.909,0.146,-0.146,67.86986301,156.05375,12.39531,-12.39531,12.5897416
TOI-2570 b,2.9887615,13.641,0.392,-0.381,34.79846939,260.61929,20.02319,-20.65885,12.61538227
2MASS J02192210-3925225 b,,16.141,0.336,-0.336,48.03869048,4417.837,349.613,-349.613,12.63636364
Kepler-82 b,26.44,4.07,0.24,-0.1,16.95833333,12.15,0.96,-0.87,12.65625
GJ 367 b,0.3219225,0.699,0.024,-0.024,29.125,0.633,0.05,-0.05,12.66
CoRoT-14 b,1.51214,12.22,0.78,-0.78,15.66666667,2415.4,190.7,-190.7,12.66596749
HIP 29442 d,6.42975,1.37,0.11,-0.11,12.45454545,5.1,0.4,-0.4,12.75
WASP-156 b,3.836169,5.717,0.224,-0.224,25.52232143,40.68224,3.1783,-2.86047,12.8
Kepler-30 c,60.323105,12.3,0.4,-0.4,30.75,640,50,-50,12.8
TOI-3364 b,5.8768918,12.229,0.426,-0.359,28.70657277,530.77344,38.13941,-41.31769,12.84615476
WASP-133 b,2.176423,13.563,0.56,-0.56,24.21964286,368.6828,28.6047,-28.6047,12.88888889
TOI-3629 b,3.936551,8.295,0.224,-0.224,37.03125,82.63539,6.35657,-6.35657,12.99999685
WASP-148 b,8.803809,8.474,0.146,-0.191,44.36649215,91.21675,6.99222,-5.08525,13.04546339
HATS-34 b,2.1061607,16.029,2.13,-2.13,7.525352113,299.07803,22.88376,-22.88376,13.06944444
CoRoT-12 b,2.828042,16.14,1.46,-1.46,11.05479452,291.438,22.247,-20.658,13.10010338
CoRoT-30 b,9.06005,11.31,0.852,-0.852,13.27464789,921.707,69.9226,-69.9226,13.18181818
TOI-5542 b,75.12375,11.31,0.404,-0.392,27.9950495,419.5335,31.78284,-31.78284,13.20000038
HATS-54 b,2.5441765,11.377,0.269,-0.269,42.2936803,239.32479,18.11622,-18.11622,13.21052571
HATS-24 b,1.3484978,15.637,0.639,-0.639,24.47104851,718.2958,54.0311,-54.0311,13.29411765
HIP 97166 b,10.28891,2.74,0.13,-0.13,21.07692308,20,1.5,-1.5,13.33333333
HAT-P-38 b,4.640382,9.247,1.031,-0.706,8.968962173,84.857,6.356,-6.356,13.35069226
WASP-177 b,3.071722,17.71,7.398,-4.035,2.393890241,161.45764,12.07754,-12.07754,13.36842105
TOI-1468 b,1.8805136,1.28,0.038,-0.039,32.82051282,3.21,0.24,-0.24,13.375
HD 213885 b,1.008035,1.745,0.051,-0.052,33.55769231,8.83,0.66,-0.65,13.37878788
Kepler-77 b,3.57878087,10.761,0.179,-0.179,60.11731844,136.661,10.17,-10.17,13.43765978
WASP-182 b,3.3769848,9.528,0.336,-0.336,28.35714286,47.03884,3.49613,-3.49613,13.45454545
WASP-131 b,5.322023,13.675,0.56,-0.56,24.41964286,85.8141,6.3566,-6.3566,13.5
TOI-892 b,10.62656,11.994,0.224,-0.224,53.54464286,301.9385,22.2481,-22.2481,13.57142857
HAT-P-66 b,2.972086,17.822,1.793,-1.121,9.939765756,248.86089,18.11631,-18.11631,13.73684211
HATS-77 b,3.0876262,13.058,0.235,-0.235,55.56595745,436.69623,31.78284,-23.5193,13.74000026
TOI-858 B b,3.2797178,14.067,0.437,-0.437,32.18993135,349.61125,25.42627,-22.24799,13.75000147
TOI-220 b,10.695264,3.03,0.15,-0.15,20.2,13.8,1,-1,13.8
WASP-44 b,2.423804,12.33,0.908,-0.852,13.57929515,276.5121,20.02329,-19.70546,13.80952381
WASP-178 b,3.3448285,20.288,1.009,-1.009,20.10703667,527.5978,38.1396,-38.1396,13.83333333
TOI-2145 b,10.26075,11.982,0.325,-0.314,36.86769231,1671.77742,120.77479,-117.59651,13.84210579
LHS 1140 b,24.73694,1.635,0.046,-0.046,35.54347826,6.38,0.46,-0.44,13.86956522
TOI-1288 b,2.699835,5.24,0.09,-0.09,58.22222222,42,3,-3,14
HD 189733 b,2.21857567,12.666,0.112,-0.112,113.0892857,359.1479,25.4264,-25.4264,14.125
TOI-3331 A b,2.0180231,12.98,0.482,-0.482,26.92946058,721.47048,50.85255,-50.85255,14.18749856
K2-141 b,0.2803244,1.51,0.05,-0.05,30.2,4.97,0.35,-0.34,14.2
HD 3167 c,29.8454,3,0.45,-0.21,6.666666667,11.13,0.78,-0.74,14.26923077
HD 191939 b,8.8803256,3.41,0.075,-0.075,45.46666667,10,0.7,-0.7,14.28571429
Kepler-1704 b,988.88112,11.949,0.493,-0.471,24.23732252,1322.16617,92.17024,-88.99195,14.34482725
WASP-192 b,2.8786765,13.787,0.897,-0.897,15.37012263,731.009,50.8528,-50.8528,14.375
WASP-19 b,0.78883852,15.861,0.493,-0.538,29.48141264,366.77398,24.79062,-25.42627,14.42500139
HATS-15 b,1.74748753,12.386,0.448,-0.448,27.64732143,689.6911,47.6745,-47.6745,14.46666667
HD 202772 A b,3.308958,17.318,0.583,-0.673,25.73254086,323.23311,22.2481,-21.61244,14.52857143
WASP-87 b,1.682795,15.524,0.673,-0.673,23.06686478,692.8694,47.6745,-47.6745,14.53333333
HATS-25 b,4.2986432,14.123,1.121,-1.121,12.5985727,194.82979,13.34886,-13.34886,14.5952381
TIC 279401253 b,76.8,11.209,0.448,-0.448,25.02008929,1951.46642,123.95308,-133.48793,14.61904773
WASP-46 b,1.43036763,13.159,0.415,-0.415,31.70843373,607.0553,41.3179,-41.3179,14.69230769
TOI-849 b,0.76552414,3.444,0.157,-0.115,21.93630573,39.09,2.66,-2.55,14.69548872
WASP-89 b,3.3564227,11.657,0.448,-0.448,26.02008929,1875.197,127.132,-127.132,14.75
HATS-52 b,1.36665436,15.491,0.964,-0.964,16.06950207,711.9392,47.6745,-47.6745,14.93333333
WASP-80 b,3.06785234,11.198,0.336,-0.347,32.27089337,170.99254,11.12405,-11.44188,14.94444444
WASP-1 b,2.5199454,16.623,0.269,-0.381,43.62992126,271.415,18.116,-16.526,14.98206006
HIP 29442 c,3.53796,1.58,0.1,-0.11,14.36363636,4.5,0.3,-0.3,15
KELT-4 A b,2.9895932,19.044,0.516,-0.504,36.90697674,286.68266,19.0698,-18.75197,15.03333333
WASP-33 b,1.21987,17.856,0.829,-0.829,21.53920386,665.21819,44.17837,-44.17837,15.05755396
HAT-P-61 b,1.90231289,10.077,0.303,-0.303,33.25742574,335.94463,22.24799,-22.24799,15.09999915
HAT-P-60 b,4.7947813,18.282,0.269,-0.269,67.96282528,182.43351,12.07748,-12.07748,15.10526285
HAT-P-18 b,5.508023,11.153,0.583,-0.583,19.13036021,62.61,4.132,-4.132,15.15246854
WASP-138 b,3.634433,12.218,0.56,-0.56,21.81785714,387.7526,25.4264,-25.4264,15.25
Gaia-1 b,3.052524,13.776,0.235,-0.235,58.6212766,533.95172,34.96112,-34.96112,15.27272925
HATS-14 b,2.7667641,11.646,0.359,-0.247,32.44011142,340.39593,22.2481,-22.2481,15.3
WASP-28 b,3.40883495,13.664,0.314,-0.314,43.51592357,282.54945,18.43405,-18.43405,15.32758401
WASP-119 b,2.49979,15.693,2.242,-2.242,6.99955397,390.9309,25.4264,-25.4264,15.375
Kepler-39 b,21.08721,13.9,1.01,-1.12,12.41071429,6388.1,413.2,-381.4,15.46006776
TOI-421 c,16.06819,5.09,0.16,-0.15,31.8125,16.42,1.06,-1.04,15.49056604
WASP-2 b,2.152175,12.117,0.46,-0.448,26.34130435,295.89973,19.0698,-18.43414,15.51666667
HATS-35 b,1.8209993,16.41,0.773,-0.493,21.22897801,388.38826,24.79074,-24.79074,15.66666667
CoRoT-2 b,1.7429935,16.432,0.471,-0.493,33.3306288,1102.82,69.92,-69.92,15.77259725
HAT-P-34 b,5.452654,13.417,1.457,-1.031,9.208647907,1058.3739,66.7443,-63.566,15.85714286
TOI-905 b,3.739494,13.126,0.594,-0.572,22.0976431,211.99261,13.34886,-13.03103,15.88095238
HD 80653 b,0.719573,1.613,0.071,-0.071,22.71830986,5.72,0.36,-0.35,15.88888889
WASP-50 b,1.9551,13.07,0.482,-0.482,27.11618257,466.8287,29.24036,-29.24036,15.96521725
WASP-96 b,3.4252602,13.45,0.67,-0.67,20.07462687,152.55,9.53,-9.53,16.00734523
HAT-P-19 b,4.008778,12.689,0.807,-0.807,15.72366791,92.802,5.721,-5.721,16.22128998
TRAPPIST-1 h,18.772866,0.755,0.014,-0.014,53.92857143,0.326,0.02,-0.02,16.3
WASP-185 b,9.38755,14.011,0.897,-0.897,15.61984392,311.4734,19.0698,-19.0698,16.33333333
TOI-1478 b,10.180249,11.882,0.448,-0.437,26.52232143,270.47333,16.52716,-14.93801,16.36538462
WASP-164 b,1.7771255,12.644,0.46,-0.482,26.23236515,676.9779,38.1396,-41.3179,16.38461538
K2-290 c,48.36685,11.276,0.56,-0.56,20.13571429,246.00042,14.93801,-14.93801,16.46808511
WASP-31 b,3.4059096,17.363,0.56,-0.56,31.00535714,151.916,9.217,-9.217,16.48215254
WASP-121 b,1.27492504,19.649,0.404,-0.404,48.63613861,367.72747,22.24799,-22.24799,16.52857045
WASP-45 b,3.126089,10.604,0.65,-0.572,16.31384615,306.38812,18.43414,-17.79848,16.62068966
TOI-270 c,5.6605731,2.355,0.064,-0.064,36.796875,6.15,0.37,-0.37,16.62162162
HD 17156 b,21.21663,12.33,0.336,-0.336,36.69642857,1115.5833,66.7443,-66.7443,16.71428571
K2-114 b,11.3909311,10.447,0.347,-0.347,30.10662824,638.8351,38.13941,-38.13941,16.74999954
WASP-91 b,2.798581,11.545,0.448,-0.448,25.77008929,425.8922,25.4264,-25.4264,16.75
CoRoT-9 b,95.272656,11.949,0.841,-0.706,14.20808561,266.9772,15.8915,-15.8915,16.8
TOI-2525 b,23.2856,8.676,0.112,-0.112,77.46428571,26.69759,1.58914,-1.58914,16.80002391
HAT-P-68 b,2.29840551,12.016,0.135,-0.135,89.00740741,230.10892,13.66669,-13.66669,16.8372093
Kepler-432 b,52.501129,12.834,0.404,-0.437,29.36842105,1719.4603,101.7056,-57.2094,16.90625
HAT-P-28 b,3.257215,13.585,1.267,-0.919,10.72217837,198.953,11.759,-11.759,16.91921082
WASP-103 b,0.925542,17.127,0.818,-0.527,20.93765281,473.547,27.968,-27.968,16.93174342
NGTS-9 b,4.43527,11.994,0.673,-0.673,17.82169391,921.707,54.0311,-54.0311,17.05882353
HATS-51 b,3.3488702,15.805,2.13,-2.13,7.420187793,244.09344,14.30235,-14.30235,17.06666667
HAT-P-51 b,4.2180278,14.493,0.605,-0.605,23.9553719,98.20947,5.72094,-5.72094,17.16666667
KELT-16 b,0.9689951,15.861,0.942,-0.751,16.83757962,874.0325,50.8528,-47.6745,17.1875
CoRoT-10 b,13.2406,10.87,0.78,-0.78,13.93589744,874,50.85,-50.85,17.18780728
HATS-56 b,4.324799,18.921,0.437,-0.616,30.71590909,191.33366,11.12405,-11.12405,17.2
HATS-16 b,2.686502,14.572,1.681,-1.681,8.668649613,1039.3041,60.3877,-60.3877,17.21052632
HD 136352 c,27.59221,2.916,0.075,-0.073,38.88,11.24,0.65,-0.63,17.29230769
TOI-1431 b,2.650237,16.701,0.56,-0.56,29.82321429,991.62463,57.20911,-57.20911,17.33333432
Gaia-2 b,3.6915224,14.818,0.146,-0.146,101.4931507,259.66581,14.93794,-14.93794,17.38297315
TOI-2000 c,9.127055,8.14,0.31,-0.3,26.25806452,81.7,4.7,-4.6,17.38297872
KELT-10 b,4.1662739,15.681,0.773,-0.549,20.28589909,215.80657,12.39537,-12.07754,17.41025641
Kepler-6 b,3.2346996,14.617,0.202,-0.37,39.50540541,212.31044,12.07754,-11.12405,17.57894737
HAT-P-12 b,3.2130598,10.749,0.325,-0.235,33.07384615,67.059,3.814,-3.814,17.58232826
WASP-43 b,0.813475,10.424,0.785,-1.009,10.33102081,565.714,31.782,-31.782,17.7998238
TOI-677 b,11.2366,13.115,0.336,-0.336,39.0327381,392.83788,21.93027,-21.29461,17.91304348
WASP-141 b,3.310651,13.563,0.897,-0.897,15.12040134,854.9627,47.6745,-47.6745,17.93333333
K2-19 c,11.8993,4.1,0.2,-0.2,20.5,10.8,0.6,-0.6,18
WASP-105 b,7.87288,10.761,0.336,-0.336,32.02678571,572.094,31.783,-31.783,18
HATS-30 b,3.1743516,13.171,0.583,-0.583,22.59176672,224.38798,12.39537,-12.39537,18.1025641
TOI-5153 b,20.33003,11.882,0.448,-0.448,26.52232143,1036.12061,57.20911,-54.03083,18.1111122
K2-29 b,3.2588321,13.339,0.224,-0.224,59.54910714,232.0159,12.7132,-12.7132,18.25
HD 209458 b,3.52474859,15.581,0.224,-0.224,69.55803571,232.0159,12.7132,-12.7132,18.25
WASP-20 b,4.8996284,16.388,0.661,-0.661,24.79273828,98.841,5.403,-5.403,18.29372571
HAT-P-50 b,3.1220109,14.437,0.717,-0.717,20.13528591,429.0705,23.20159,-23.20159,18.49315068
CoRoT-19 b,3.89713,14.46,0.34,-0.34,42.52941176,352.78,19.07,-19.07,18.49921342
WASP-12 b,1.09142,21.712,0.628,-0.628,34.57324841,465.62095,25.10857,-25.10857,18.5443038
TOI-1107 b,4.0782387,14.572,0.56,-0.56,26.02142857,1064.72516,57.20911,-57.20911,18.61111211
NGTS-20 b,54.18915,11.994,0.448,-0.448,26.77232143,947.12865,50.85255,-47.67426,18.62499816
WASP-64 b,1.5732918,14.247,0.437,-0.437,32.60183066,403.945,21.612,-21.612,18.69077364
WASP-42 b,4.9816819,12.576,0.437,-0.437,28.77803204,167.49641,8.89924,-8.89924,18.82142857
HAT-P-23 b,1.212884,15.334,1.009,-1.009,15.19722498,664.237,35.278,-35.278,18.82864675
WASP-136 b,5.215357,15.468,1.793,-1.793,8.62688232,479.9233,25.4264,-25.4264,18.875
CoRoT-27 b,3.57532,11.287,0.493,-0.493,22.89452333,3302.11,174.8,-174.8,18.89078947
GJ 1214 b,1.58040433,2.742,0.05,-0.053,51.73584906,8.17,0.43,-0.43,19
TOI-5205 b,1.630757,11.6,0.3,-0.3,38.66666667,343,18,-17,19.05555556
K2-19 b,7.9222,7,0.2,-0.2,35,32.4,1.7,-1.7,19.05882353
HD 95338 b,55.087,3.89,0.19,-0.2,19.45,42.44,2.22,-2.08,19.11711712
WASP-59 b,7.919585,8.687,0.762,-0.762,11.40026247,274.276,14.302,-14.302,19.1774577
HATS-5 b,4.763387,10.223,0.28,-0.28,36.51071429,75.323,3.814,-3.914,19.2445069
WASP-85 A b,2.6556777,13.899,0.336,-0.336,41.36607143,402.05495,20.65895,-20.65895,19.46153846
WASP-153 b,3.332609,17.374,1.121,-0.897,15.49866191,123.9537,6.3566,-6.3566,19.5
KELT-23 A b,2.255251,14.83,0.28,-0.28,52.96428571,298.12454,15.25584,-13.98452,19.54166667
CoRoT-13 b,4.03519,9.92,0.157,-0.157,63.18471338,415.704,20.976,-20.976,19.8180778
HD 219134 c,6.76458,1.511,0.047,-0.047,32.14893617,4.36,0.22,-0.22,19.81818182
TOI-4463 A b,2.8807198,13.26,0.717,-0.504,18.49372385,252.35576,12.39531,-12.71314,19.84999457
TRAPPIST-1 b,1.510826,1.116,0.014,-0.012,79.71428571,1.374,0.069,-0.069,19.91304348
TOI-2196 b,1.1947268,3.51,0.15,-0.15,23.4,26,1.3,-1.3,20
Kepler-34 b,288.822,8.564,0.135,-0.157,54.5477707,69.92,3.496,-3.178,20
WASP-166 b,5.44354,7.062,0.336,-0.336,21.01785714,32.10083,1.58915,-1.58915,20.2
NGTS-10 b,0.7668944,13.507,1.311,-0.93,10.30282227,687.14846,29.24036,-34.00781,20.20560748
WASP-81 b,2.7164762,16.018,0.572,-0.516,28.0034965,231.69807,11.44188,-11.12405,20.25
HATS-23 b,2.1605156,20.849,3.363,-4.484,4.649643176,467.2101,22.88376,-22.88376,20.41666667
TOI-628 b,3.4095675,11.882,0.46,-0.381,25.83043478,2011.8639,92.1707,-98.5273,20.41935484
WASP-173 A b,1.38665318,13.451,0.673,-0.673,19.98662704,1172.7927,57.2094,-57.2094,20.5
TOI-2525 c,49.2519,10.133,0.112,-0.112,90.47321429,208.81326,9.85268,-10.17051,20.5312477
LP 714-47 b,4.052037,4.7,0.3,-0.3,15.66666667,30.8,1.5,-1.5,20.53333333
HATS-17 b,16.254611,8.709,0.628,-0.628,13.86783439,425.25654,20.65895,-20.65895,20.58461538
HAT-P-27 b,3.039577,11.43,0.78,-0.67,14.65384615,197.05,9.53,-9.53,20.67681007
K2-30 b,4.098503,11.646,0.56,-0.572,20.36013986,184.02357,8.89924,-8.58141,20.67857143
HD 3167 b,0.959641,1.67,0.17,-0.1,9.823529412,4.97,0.24,-0.23,20.70833333
HD 1397 b,11.53533,11.5,0.28,-0.303,37.95379538,131.89945,6.3566,-6.3566,20.75
Kepler-16 b,228.776,8.449,0.029,-0.029,291.3448276,105.833,5.085,-5.085,20.81278269
XO-7 b,2.8641424,15.39,0.291,-0.291,52.88659794,225.34147,10.80622,-10.80622,20.85294118
TOI-4127 b,56.39879,12.285,0.437,-0.359,28.11212815,731.00534,34.96112,-34.96112,20.90909387
TOI-150.01,5.857487,14.067,0.235,-0.213,59.85957447,797.7533,38.1396,-38.1396,20.91666667
TIC 237913194 b,15.168865,12.52,0.605,-0.527,20.69421488,617.22586,29.24036,-28.92253,21.10869565
HAT-P-36 b,1.32734683,14.314,0.224,-0.224,63.90178571,587.41341,27.65121,-27.65121,21.24367831
WASP-75 b,2.484193,14.235,0.538,-0.538,26.45910781,340.06,15.89,-15.89,21.40088106
CoRoT-3 b,4.2568,11.32,0.78,-0.78,14.51282051,6883.91,317.8,-317.8,21.66113908
Kepler-9 b,19.23891,8.29,0.54,-0.43,15.35185185,43.4,1.6,-2,21.7
HATS-68 b,3.5862202,13.809,0.437,-0.325,31.59954233,410.0007,18.75197,-18.75197,21.86440678
TOI-1130 c,8.350381,16.814,3.026,-2.466,5.556510245,309.56642,13.66669,-13.98452,22.13636364
TOI-4603 b,7.24599,11.68,0.426,-0.392,27.41784038,4096.80817,184.34048,-181.16219,22.22413748
WASP-145 A b,1.7690381,10.088,4.484,-4.484,2.249776985,282.8687,12.7132,-12.7132,22.25
TIC 257060897 b,3.660028,16.701,0.448,-0.448,37.27901786,212.94503,9.53485,-9.53485,22.33333823
K2-31 b,1.25785,11.882,3.923,-3.923,3.028804486,563.83042,25.10857,-25.10857,22.4556962
HATS-33 b,2.5495551,13.787,1.255,-0.908,10.98565737,378.85336,16.84499,-16.84499,22.49056604
WASP-53 b,3.3098443,12.038,0.415,-0.415,29.00722892,677.61356,29.24036,-29.87602,22.68085106
HAT-P-59 b,4.1419771,12.588,0.146,-0.146,86.21917808,489.45575,21.2945,-21.2945,22.98507831
WASP-52 b,1.7497798,14.24,0.34,-0.34,41.88235294,146.2,6.36,-6.36,22.98742138
Kepler-9 c,38.9853,8.08,0.54,-0.41,14.96296296,29.9,1.1,-1.3,23
WASP-120 b,3.6112706,16.511,1.076,-1.076,15.34479554,1541.4755,66.7443,-66.7443,23.0952381
K2-140 b,6.569188,13.563,1.009,-1.009,13.4420218,295.58042,12.71314,-12.71314,23.24999331
NGTS-8 b,2.4997,12.218,0.336,-0.336,36.36309524,295.5819,12.7132,-9.5349,23.25
TOI-3714 b,2.154849,11.321,0.336,-0.336,33.69345238,222.47988,9.53485,-9.53485,23.33333823
TRAPPIST-1 c,2.421937,1.097,0.014,-0.012,78.35714286,1.308,0.056,-0.056,23.35714286
WASP-186 b,5.026799,12.442,0.336,-0.336,37.0297619,1341.2426,57.2094,-57.2094,23.44444444
GJ 486 b,1.467119,1.305,0.063,-0.067,19.47761194,2.82,0.11,-0.12,23.5
KELT-24 b,5.5514926,14.258,0.235,-0.235,60.67234043,1646.3594,66.7443,-69.9226,23.54545455
HAT-P-54 b,3.799847,10.581,0.314,-0.314,33.69745223,241.5508,10.17056,-10.17056,23.75
WASP-135 b,1.4013794,14.572,1.009,-1.009,14.4420218,603.877,25.4264,-25.4264,23.75
TrES-3 b,1.30618581,14.975,0.347,-0.415,36.08433735,607.03,23.836,-25.425,23.87531957
Kepler-14 b,6.790123,12.733,0.818,-0.605,15.56601467,2669.66,111.24,-108.06,23.99910104
Qatar-5 b,2.8792319,12.408,0.717,-0.717,17.30543933,1373.0256,57.2094,-57.2094,24
Kepler-1514 b,217.83184,12.42,0.258,-0.258,48.13953488,1678.1424,69.9226,-69.9226,24
TOI-558 b,14.574071,12.173,0.46,-0.426,26.46304348,1147.36055,47.67426,-47.67426,24.06666721
55 Cnc e,0.7365474,1.875,0.029,-0.029,64.65517241,7.99,0.32,-0.33,24.21212121
WASP-10 b,3.0927616,12.106,0.224,-0.224,54.04464286,1001.12,41.32,-34.96,24.22846079
HATS-61 b,7.817953,13.395,0.751,-0.751,17.83621838,1080.622,44.4962,-44.4962,24.28571429
WASP-77 A b,1.36002854,13.787,0.347,-0.325,39.73198847,529.81995,21.61233,-20.34102,24.51470758
Kepler-5 b,3.5484657,15.984,0.404,-0.572,27.94405594,670.93913,21.29461,-27.33338,24.54651163
TOI-172 b,9.47725,10.817,0.359,-0.325,30.13091922,1722.6386,69.9226,-63.566,24.63636364
HAT-P-25 b,3.65281514,12.722,0.538,-0.538,23.64684015,180.84527,7.31009,-6.99226,24.73913043
Qatar-1 b,1.4200242,12.812,0.291,-0.28,44.02749141,411.27202,16.52716,-15.57367,24.88461538
HATS-22 b,4.7228124,10.682,0.538,-0.325,19.85501859,870.8542,34.9613,-34.9613,24.90909091
HD 219134 b,3.092926,1.602,0.055,-0.055,29.12727273,4.74,0.19,-0.19,24.94736842
WASP-123 b,2.9776412,14.773,0.729,-0.729,20.26474623,285.72917,11.44188,-11.44188,24.97222222
TOI-559 b,6.9839095,12.229,0.314,-0.28,38.94585987,1910.14873,76.27882,-73.10053,25.04166596
Kepler-75 b,8.8849116,11.77,0.34,-0.34,34.61764706,3209.9,127.1,-127.1,25.25491739
HAT-P-63 b,3.377728,12.543,0.37,-0.37,33.9,195.14664,7.62788,-7.62788,25.58333901
WASP-118 b,4.0460435,16.141,0.404,-0.404,39.9529703,163.36462,6.3566,-6.3566,25.7
WASP-162 b,9.62468,11.209,0.56,-0.56,20.01607143,1652.716,63.566,-63.566,26
HATS-18 b,0.83784,14.897,0.841,-0.841,17.71343639,629.14449,24.15508,-24.15508,26.04605284
TrES-5 b,1.48224686,13.384,0.168,-0.168,79.66666667,568.9157,21.61244,-21.61244,26.32352941
TOI-1516 b,2.056014,15.244,0.336,-0.336,45.36904762,1004.33777,38.13941,-38.13941,26.33333263
HAT-P-53 b,1.9616241,14.773,1.02,-1.02,14.48333333,471.65972,17.79848,-17.79848,26.5
TOI-3235 b,2.59261842,11.4,0.493,-0.493,23.12373225,211.35589,7.94571,-7.94571,26.6000005
WASP-70 A b,3.7130203,13.047,0.818,-1.143,11.41469816,187.512,6.992,-6.992,26.8180778
WASP-104 b,1.7554137,12.745,0.415,-0.415,30.71084337,404.263,14.937,-14.937,27.06453773
TOI-1853 b,1.2436258,3.46,0.08,-0.08,43.25,73.2,2.7,-2.7,27.11111111
TOI-4201 b,3.5819194,13.675,0.448,-0.448,30.52455357,788.21445,28.60456,-28.60456,27.55555233
HAT-P-1 b,4.46529976,14.785,0.213,-0.213,69.41314554,166.86075,6.03877,-6.03877,27.63157895
WASP-114 b,1.5487743,15.009,0.717,-0.717,20.93305439,562.24127,20.34112,-20.34112,27.640625
TOI-216.01,34.525528,10.1,0.2,-0.2,50.5,177.98391,6.35657,-6.35657,27.99999213
HAT-P-52 b,2.7535953,11.31,0.807,-0.807,14.01486989,259.98494,9.21707,-9.21707,28.20689655
TOI-2338 b,22.65398,11.209,0.224,-0.224,50.04017857,1900.61387,66.74397,-63.56568,28.47618849
WASP-18 b,0.94145223,13.899,0.886,-0.886,15.68735892,3241.84975,111.23994,-111.23994,29.14285777
TOI-216.02,17.16073,8,3,-2,2.666666667,18.75188,0.63566,-0.63566,29.49985841
HATS-76 b,1.9416423,12.094,0.347,-0.347,34.85302594,835.57088,28.28673,-28.28673,29.53932392
WASP-150 b,5.644207,11.994,0.269,-0.28,42.83571429,2688.8418,88.9924,-63.566,30.21428571
WASP-76 b,1.809886,20.512,0.673,-0.448,30.47845468,292.4036,9.5349,-9.5349,30.66666667
WASP-130 b,11.55098,9.976,0.336,-0.336,29.69047619,390.9309,12.7132,-12.7132,30.75
K2-146 c,4.00498,2.19,0.07,-0.07,31.28571429,7.49,0.24,-0.24,31.20833333
TRAPPIST-1 e,6.101013,0.92,0.013,-0.012,70.76923077,0.692,0.022,-0.022,31.45454545
TOI-2180 b,260.79,11.321,0.247,-0.213,45.8340081,875.61726,27.65107,-25.7441,31.66666823
HAT-P-35 b,3.646706,14.93,1.098,-1.098,13.59744991,335.62848,10.48839,-10.48839,32
K2-146 b,2.6446,2.05,0.06,-0.06,34.16666667,5.77,0.18,-0.18,32.05555556
HATS-72 b,7.3279474,8.097,0.036,-0.036,224.9166667,39.85588,1.23954,-1.23954,32.15376672
TRAPPIST-1 d,4.049219,0.788,0.011,-0.01,71.63636364,0.388,0.012,-0.012,32.33333333
TRAPPIST-1 f,9.20754,1.045,0.013,-0.012,80.38461538,1.039,0.031,-0.031,33.51612903
WASP-36 b,1.53736596,14.874,0.235,-0.235,63.29361702,750.39663,22.2481,-22.2481,33.72857143
TRAPPIST-1 g,12.352446,1.129,0.015,-0.013,75.26666667,1.321,0.038,-0.038,34.76315789
Kepler-36 b,13.86825,1.498,0.061,-0.049,24.55737705,3.83,0.11,-0.1,34.81818182
WASP-140 b,2.2359835,16.141,4.708,-2.018,3.428419711,775.5052,22.2481,-22.2481,34.85714286
TOI-2589 b,61.6277,12.106,0.336,-0.336,36.0297619,1112.39942,31.78284,-31.78284,35.00000063
TOI-332 b,0.777038,3.2,0.16,-0.11,20,57.2,1.6,-1.6,35.75
LTT 9779 b,0.792052,4.72,0.23,-0.23,20.52173913,29.32,0.78,-0.81,36.19753086
Kepler-87 b,114.73635,13.49,0.55,-0.55,24.52727273,324.2,8.8,-8.8,36.84090909
TOI-1278 b,14.47567,12.218,2.69,-2.242,4.542007435,5879.82553,158.9142,-158.9142,37.00000082
HAT-P-20 b,2.875317,9.718,0.37,-0.37,26.26486486,2302.899,59.432,-59.432,38.74846884
Kepler-36 c,16.21865,3.679,0.096,-0.091,38.32291667,7.13,0.18,-0.18,39.61111111
XO-5 b,4.1877558,12.78,0.34,-0.34,37.58823529,378.2,9.53,-9.53,39.68520462
KELT-14 b,1.7100566,19.537,0.527,-0.527,37.07210626,408.09372,10.17056,-10.17056,40.125
HIP 65 A b,0.9809734,22.754,6.837,-5.492,3.328067866,1021.18779,24.79074,-24.79074,41.19230769
HATS-57 b,2.350621,12.767,0.314,-0.314,40.65923567,1000.21101,23.20159,-23.20159,43.10958904
HAT-P-16 b,2.77596,14.448,0.74,-0.74,19.52432432,1332.605,29.875,-29.875,44.6060251
Qatar-2 b,1.33711647,14.056,0.146,-0.146,96.2739726,792.635,17.162,-17.162,46.18546789
HATS-4 b,2.516729,11.433,0.415,-0.415,27.54939759,420.471,8.899,-8.899,47.24924149
NGTS-6 b,0.882059,14.863,1.087,-1.255,11.84302789,425.57437,8.89924,-8.89924,47.82142857
WASP-47 b,4.1591492,12.64,0.15,-0.15,84.26666667,363.6,7.3,-7.3,49.80821918
TOI-481 b,10.33111,11.097,0.112,-0.112,99.08035714,486.2799,9.5349,-9.5349,51
KOI-13 b,1.763588,16.948,0.392,-0.392,43.23469388,2949.4624,50.8528,-50.8528,58
TIC 172900988 b,200.452,11.25,0.44,-0.44,25.56818182,942,5.6,-5.6,168.2142857