KIC,TIC,Vmag,VmagErr
10811496,27988157,15.418,0.103
11818800,27082725,15.681,0.183
11918099,27006665,15.605,0.08
9579641,158625964,12.981,0.092
3115833,137095438,15.773,0.115
3453214,138365297,15.708,0.126
4544670,120684515,16.004,0.137
4936180,138971033,15.461,0.126
5115978,184295623,15.468,0.126
6867155,240185254,15.268,0.172
6526710,138098297,15.494,0.103
6599919,159216790,15.115,0.057
6862328,63005026,14.879,0.092
7031517,159652645,15.251,0.16
7380537,272707711,15.893,0.16
8013419,164884186,16.129,0.206
8018547,158629357,15.951,0.08
8552202,158834933,15.561,0.126
9140402,164785003,15.539,0.103
8951215,159647349,15.475,0.115
9347899,270788519,15.496,0.115
2860866,138037141,15.086,0.069
10460629,158489694,14.136,0.126
10319385,123358090,13.371,0.069
11502218,299154631,7.23,0.03
11180361,405687343,7.69,0.03
10287723,272840024,13.771,0.126
11013201,48031665,9.24,0.03
9414417,271881482,9.64,0.004
2307199,137547180,14.129,0.103
9032900,271772050,13.773,0.137
2853446,137316771,13.968,0.15
3942446,121458196,15.415,0.332
3554031,138365520,16.142,0.149
10743597,27905953,15.636,0.15
3644071,122717206,14.366,0.126
1431122,122783866,14.812,0.16
8260218,269264963,15.9,0.172
6359320,122297877,15.646,0.217
3447722,137634395,15.289,0.115
12105051,298897095,13.921,0.103
8240904,271046092,15.787,0.366
3756801,138479537,13.82,0.057
8313667,272490022,14.372,0.137
10149023,271252996,15.343,0.024
9772531,63293840,16.049,0.309
10295951,268704157,12.653,0.229
3329204,121325658,16.048,0.046
3230491,122304930,14.882,0.126
2162635,137347517,14.109,0.08
6837146,123316150,15.602,0.035
6607286,63122090,15.024,0.058
11075279,399911821,13.569,0.103
6607447,63122153,13.713,0.092
6441738,137211401,14.951,0.115
8616873,158835095,15.593,0.286
8494263,159763598,15.548,0.149
10928043,27459059,13.206,0.126
10794087,290035649,12.062,0.069
8813698,159177369,14.808,0.069
4074736,184166635,15.966,0.24
4274548,378011122,15.546,0.515
11336883,48419201,12.339,0.057
8631160,270954439,13.719,0.126
9202151,164527141,16.407,0.275
4760746,184011928,16.208,0.263
9427402,269033530,15.835,0.114
3962440,138303340,13.684,0.126
3534076,121547150,15.295,0.114
4466677,137552781,14.75,0.126
9100484,271882741,16.257,0.435
6620003,271755676,16.216,0.114
7363829,63123912,15.254,0.126
6719086,274119282,16.017,0.103
11026304,267749287,15.903,0.229
11342550,399954001,15.6,0.092
6946199,159575346,15.566,0.16
10867062,27183544,15.228,0.172
8046659,273139160,15.213,0.103
7841925,273499989,14.635,0.069
4276716,138891469,12.012,0.092
7287683,270611314,12.337,0.182
8266276,185287495,16.061,0.16
8396405,185110665,16.14,0.126
7199906,63004445,15.219,0.126
9017682,159303167,15.182,0.217
10749128,28358364,13.655,0.114
11904734,405688765,15.675,0.08
10153011,272080933,15.833,0.046
11870545,27389261,16.209,0.218
5031857,239225129,14.544,0.126
10028792,273592336,14.681,0.137
11153121,28448998,14.304,0.137
6705142,271752574,16.194,0.046
5299459,169930145,14.149,0.103
4471747,138301914,15.186,0.137
4918309,122301308,15.465,0.115
4830605,122301410,15.769,0.149
12120943,351193764,15.829,0.229
7768451,272706044,14.984,0.16
9932970,123359472,15.929,0.149
4932442,138574253,14.124,0.114
5360920,137208794,16.018,0.206
11702948,405688374,14.414,0.126
9512981,164784420,15.938,0.24
5526717,394174412,14.431,0.16
5531953,137089954,16.192,1.133
9872292,123357504,11.796,0.023
5542466,377910183,15.736,0.183
4178389,184417241,14.398,0.103
7499398,351800577,15.549,0.126
5972334,139158696,14.882,0.183
7811397,158551294,16.058,0.172
5475431,170737690,14.612,0.24
5039228,170645355,12.595,0.069
7512982,158317824,15.977,1.133
5283458,138641858,15.8,0.412
8053552,268484698,15.358,0.103
7750419,159523531,15.043,0.183
7984047,268485240,16.318,0.08
5513648,120107336,10.81,0.007
7887791,159449703,10.802,0.008
9634821,164721823,15.516,0.195
11253711,27769737,13.877,0.092
9111849,268155253,13.15,0.092
11773328,351192529,15.015,0.114
5080636,120418600,15.295,0.058
3248501,378082880,15.564,0.025
11570749,27991192,14.279,0.08
9411166,271164596,15.531,0.092
2579043,137486304,15.083,0.092
8160953,159305424,14.904,0.195
10158418,273377879,13.74,0.126
3648437,137483894,14.05,0.08
2449431,137817482,13.95,0.092
5731623,170649305,15.538,0.126
10602291,63454950,15.073,0.217
9883311,158664101,16.004,0.183
4242147,120417250,15.094,0.195
4349442,120960808,13.522,0.046
10005788,159051188,15.758,0.08
10656508,298837598,15.062,0.275
11656918,299154193,14.712,0.046
10844890,48305295,14.507,0.08
8624520,63001050,15.766,0.16
4851530,184246418,15.709,0.115
6300348,184424549,14.82,0.15
11030475,424864367,15.639,0.103
7033233,63004645,15.346,0.16
8261920,239291510,15.905,0.15
6119141,122443047,14.575,0.114
3734418,121275496,14.321,0.137
9654875,270854941,12.705,0.057
3097926,120637744,15.976,0.286
10518424,164557550,15.37,0.08
5730445,170258383,15.464,0.115
5602588,120578889,16.016,0.126
5385304,169558358,13.123,0.069
11462341,27457135,14.582,0.069
11073656,405685521,15.339,0.046
7215678,272178917,14.592,0.16
7449554,275494538,15.682,0.229
3440978,122518874,15.631,0.24
9532710,271041847,16.252,0.172
9580992,158787273,15.506,0.103
6934986,158388283,15.096,0.126
4049901,122072147,11.433,0.057
10798331,424864919,14.836,0.092
9334893,158729099,14.212,0.126
9289704,271545765,12.733,0.069
8892157,270857274,15.146,0.046
11520459,28227505,15.654,0.069
4247991,121121775,12.63,0.046
10026544,273045012,12.708,0.057
2853780,137316877,13.627,0.137
6185476,120252815,14.542,0.103
8804455,164882874,13.521,0.092
5546761,184009076,15.042,0.057
8872048,158172454,15.873,0.08
7746958,159105557,20.308,0.097
6525946,240185908,15.496,0.115
6041734,137212833,15.661,0.24
9006186,164882482,12.509,0.046
10471621,63204351,15.766,0.24
8074328,123198404,13.034,0.092
4670217,184164861,15.792,0.114
9574179,164784364,15.095,0.046
11391755,279918148,15.802,0.172
9088780,63066825,13.456,0.092
8894646,271351997,13.999,0.114
8247770,272489623,14.428,0.103
6867588,275495953,14.495,0.114
7501646,123316972,15.561,0.286
8838950,274021617,14.642,0.085
12257999,26413092,13.466,0.092
6922203,123232993,14.967,0.092
2437505,122364526,18.604,0.048
8836888,273581286,15.287,0.217
8636539,272173308,15.139,0.058
9283156,63451711,13.005,0.103
9574158,164780909,15.681,0.058
9653622,270618386,14.913,0.069
7294743,271671386,13.525,0.069
6765135,158554432,15.248,0.092
5342061,120104251,15.411,0.092
4047631,121784061,14.8,0.126
6516185,122136164,16.16,0.24
7446631,63211984,14.325,0.149
5906426,171973015,14.789,0.115
12208631,26474227,15.359,0.092
2443393,137149053,12.694,0.069
9019191,159520132,15.585,0.114
3002478,138714093,14.349,0.103
8631751,271044795,16.93,0.2
4172746,139034380,15.758,0.092
5095635,122596039,14.632,0.126
12254688,299218362,13.067,0.08
4172013,138891058,15,0.149
1996180,120825510,14.075,0.126
2305866,137487105,12.494,0.08
9712350,63294055,15.966,0.103
9580167,158664815,15.183,0.046
7984574,268485338,15.837,0.08
10336951,159516818,15.053,0.137
8240617,271046185,14.45,0.137
11622985,28084859,15.621,0.092
11361283,27914511,16.057,0.423
6364215,351072962,15.695,0.069
6467363,170652891,14.07,0.08
10073672,159644390,16.62,0.2
6842807,164674750,15.645,0.206
9815053,164523895,14.852,0.172
9697131,164835943,10.281,0.006
10917043,406948346,15.999,0.092
6697605,270609465,15.223,0.206
12602314,406998358,15.164,0.183
5787131,122445360,16.085,0.606
6346809,120421302,15.047,0.183
4547603,121120846,14.618,0.114
5716763,138968089,11.899,0.025
12416987,27638855,16.281,0.172
8259713,269120726,13.686,0.08
11098013,28232287,10.924,0.009
3425851,120628862,0,0
10397751,158840095,14.018,0.103
6679295,158632174,16.603,0.446
6026737,120686979,13.317,0.114
4935172,138730381,14.369,0.008
8760040,270954695,14.691,0.217
8176564,271668161,10.474,0.006
10604521,270695171,15.832,0.252
4385148,184417747,15.627,0.263
4367854,137631768,15.225,0.149
10597693,417659903,14.831,0.103
7466270,272951759,16.091,0.252
2985587,122451569,13.943,0.103
5642620,169557170,15.652,0.103
8873090,158274756,11.844,0.024
9958387,271253611,13.468,0.092
11197853,27458108,13.884,0.099
6716021,273506753,13.477,0.057
8326342,269265423,14.8,0.114
4831728,122595516,15.076,0.069
4249611,121393535,15.477,0.046
7899070,271159409,15.834,0.229
4939533,184246677,15.822,0.103
4846856,138803146,15.552,0.172
10265602,158663323,15.675,0.332
4552729,121940463,15.108,0.149
3663173,184086159,15.824,0.138
9109857,273867774,12.712,0.046
6716545,273507060,13.832,0.08
5196864,377917128,15.839,0.08
11071200,267667925,12.98,0.092
8703129,272606393,12.049,0.027
6837283,123364153,12.209,0.057
5613821,122137957,13.628,0.103
8639908,272938824,15.537,0.069
11076400,298784683,14.532,0.114
10190075,164524347,14.724,0.103
10749059,28358785,15.828,0.206
7668416,158170168,15.356,0.035
6029239,121112251,12.573,0.069
3545478,137318401,11.684,0.018
11565544,27390208,14.805,0.114
12072872,27911652,13.509,0.137
8241079,271160732,13.749,0.126
12168993,27777571,15.595,0.149
8008067,123450224,12.775,0.092
7051180,272484616,13.314,0.08
2446113,137348189,13.311,0.137
5903749,171096234,15.207,0.149
8581240,274128106,13.061,0.092
8684730,159303995,12.675,0.037
8554498,159107668,11.713,0.046
6949898,63122994,15.339,0.16
2973386,121084262,16.013,0.217
7022573,158721874,16.532,0.031
9288237,271255793,12.501,0.036
6593150,158553702,16.109,0.058
6523351,137409126,13.285,0.069
5551672,360024596,17.63,0.2
8197793,185057595,15.095,0.16
6357290,122067394,15.778,0.092
4072955,184014067,14.442,0.206
8695311,270857795,16.012,1.133
9834731,270517911,15.11,0.206
7609674,63284089,13.37,0.103
4252322,121734851,13.388,0.114
5475042,170737761,15.346,0.126
9541295,273132397,12.722,0.069
4770174,169457163,12.843,0.103
8949925,159512144,15.141,0.08
9959492,271547996,15.406,0.137
8827575,271428166,13.79,0.114
6438099,122297710,15.97,0.24
3752110,137765338,15.466,0.16
1717722,122515768,16.047,0.126
5040077,171026551,14.837,0.069
7918652,269123803,13.181,0.069
9230021,272275278,15.707,0.024
3230805,122304858,15.23,0.057
4676964,169078422,15.059,0.103
4770617,169561256,14.953,0.172
7609553,63284044,14.727,0.046
11395587,298836002,13.53,0.103
8509442,272607420,16.069,0.172
3219643,120971695,15.734,0.343
8546542,279913513,14.684,0.103
8613535,158326744,14.521,0.114
10122538,164524311,16.43,1.133
11566064,27396246,13.323,0.08
12256520,406951266,14.65,0.069
12785320,406997913,12.913,0.172
10000941,158322085,13.809,0.103
6677841,158428960,13.647,0.08
7106173,158631289,12.865,0.103
8265218,185111663,14.546,0.172
9214713,159389556,14.819,0.16
9119458,185061936,14.75,0.126
12406807,417655814,15.456,0.137
4548011,121215710,12.442,0.057
10016874,270790611,14.791,0.057
10395543,158561812,15.12,0.2
7429287,158218734,11.491,0.018
10717241,350812580,15.278,0.137
7303287,273234825,14.142,0.069
8121310,268302011,12.94,0.069
11709124,416282268,14.646,0.092
11805075,399825512,15.084,0.263
11824222,351192602,14.555,0.092
6268648,120576846,11.16,0.015
8212002,123410927,11.717,0.018
7017274,158167402,11.725,0.019
12366084,27686898,15.565,0.172
9872283,123357476,14.127,0.103
4951877,170740547,14.778,0.229
5544450,138725680,12.005,0.028
8226050,158989909,14.964,0.183
6779260,63213622,12.363,0.032
5443837,122441694,14.681,0.149
2832589,120693914,15.49,0.057
10793172,406948151,14.857,0.092
10285631,272279290,13.613,0.103
7504328,164410919,14.985,0.217
7199397,159767194,10.937,0.008
10157458,273129679,15.555,0.149
1723078,351053716,12.823,0.08
9008220,158172682,14.789,0.057
9955262,270619211,10.264,0.006
7906892,272717129,13.656,0.103
8320630,274024204,15.543,0.309
9703198,158787010,14.941,0.126
6289650,138099073,14.21,0.08
11135694,417658769,15.556,0.149
8216763,164676810,15.522,0.172
6879865,272183077,14.978,0.114
3758499,377873275,13.884,0.126
9552608,239311194,11.224,0.013
10221013,272600471,15.523,0.149
2299738,122516643,14.193,0.126
7619236,271539828,14.016,0.08
7630229,273574154,13.846,0.08
7730747,123234052,13.952,0.137
7906882,272716963,13.713,0.103
7976520,272941955,13.951,0.092
2302997,137148881,15.268,0.08
8505215,271666873,13.19,0.069
10265898,158731243,15.549,0.183
12600735,416267321,14.128,0.08
10272442,159643991,15.404,0.15
4055765,137093180,12.681,0.069
5131180,171977939,13.727,0.126
10843431,48131702,16.433,1.133
10287242,272600074,15.963,0.137
5596440,390207656,13.348,0.08
9588822,63129375,12.198,0.069
10610039,271877511,15.041,0.126
1025986,122784720,10.313,0.006
11284772,267667567,15.567,0.16
4832837,122706051,15.22,0.069
5441980,394174576,14.518,0.149
10972902,407002020,14.884,0.16
6309763,170652343,14.146,0.092
9413156,271663411,16.145,0.286
9846348,273372823,13.869,0.149
2696205,121022334,15.203,0.092
12251650,399949796,15.074,0.046
12417486,27687120,15.176,0.092
2834805,120971168,12.605,0.114
2569995,122306130,17.47,0.047
2577353,351056285,14.672,0.137
4478168,138972811,13.637,0.126
7256914,123409439,14.111,0.092
6871071,270863576,14.701,0.035
3112129,122375887,14.528,0.114
3103212,121395463,14.554,0.114
10875007,27988439,14.443,0.137
7021681,158631520,15.607,0.023
11967788,27014383,13.405,0.02
7199060,159717340,12.891,0.08
7733731,164460425,13.344,0.114
3110177,122142964,15.027,0.069
3232249,122518332,16.461,0.028
8282651,164671623,16.037,0.115
5688683,120578688,13.622,0.092
8222627,158494719,14.107,0.069
2984990,122375696,15.013,0.15
7758018,270524335,15.515,0.195
8264402,185058067,12.918,0.069
3129238,138713796,12.489,0.057
7907808,272942040,14.665,0.08
9700449,158393710,15.302,0.16
6140059,184426803,13.594,0.092
3852872,137483321,13.298,0.069
9086154,159520001,14.021,0.114
11970988,27533070,13.626,0.08
6792908,271963183,13.262,0.08
10534155,159727191,13.578,0.114
6350882,121113382,15.555,0.366
3450040,137975367,14.609,0.206
9456281,158559883,15.759,0.092
5129453,171584953,16.09,0.16
7918478,269123825,16.067,0.137
9509343,164407978,15.064,0.092
7673841,158796434,13.528,0.092
11968463,27082352,15.76,0.572
5436161,121333360,15.264,0.103
4571844,377907245,15.745,0.378
2859893,137977008,16.097,0.263
7582691,123231041,15.617,0.012
9836563,270854231,12.818,0.08
1724719,137488218,14.123,0.103
11081504,407001787,11.255,0.012
12016267,26885588,11.615,0.016
3550372,137893617,15.375,0.15
8240790,271046093,13.838,0.092
7191646,158927201,15.877,0.172
7801070,123416332,15.353,0.046
4172805,139034365,16.442,1.133
5126182,170645656,14.788,0.217
9642018,158787129,15.746,0.172
7661893,123499004,13.135,0.114
9776794,271041105,16.528,0.32
7673192,158725491,13.27,0.092
11124436,267569912,14.422,0.114
5780855,121660905,13.911,0.114
9491832,240219681,12.996,0.103
2852941,137220342,13.492,0.103
10647452,48217032,15.794,0.024
4773392,170232566,14.135,0.183
9936080,164556454,12.536,0.092
6290935,138296341,13.57,0.114
12734396,299090471,15.857,0.137
8278685,351804043,13.576,0.08
6103377,120042828,15.023,0.103
3660581,139036031,12.362,0.034
10794974,417660221,13.267,0.114
3558849,138888805,14.32,0.114
5175024,121465371,14.137,0.172
10991114,28449723,14.28,0.126
4945764,169079463,13.638,0.092
9514372,352014147,14.492,0.172
3762750,139105008,15.827,0.115
9886361,159174926,12.818,0.08
12737015,406998023,13.633,0.092
8482059,279913579,15.394,0.103
9286088,270788266,12.541,0.069
6937529,158722002,14.257,0.092
5197233,378088698,14.514,0.057
7119481,63212809,14.791,0.183
8741470,158213306,13.919,0.057
2997459,138037563,14.925,0.092
8330207,185058382,16.75,1.03
5881813,138219367,15.421,0.103
9202434,164555327,14.349,0.183
7901016,271431593,13.568,0.092
5385410,169558404,13.786,0.137
7749002,159377945,15.76,0.332
3848083,122605667,16.104,0.24
6359926,122443620,15.026,0.172
8324518,268821390,15.521,0.126
3103473,121395521,16.019,0.195
5785279,122296138,15.254,0.126
9896018,270790094,15.178,0.126
12456063,299097354,12.097,0.069
5096053,122602667,13.233,0.08
5802637,138967802,15.671,0.252
5531694,137089993,13.626,0.092
7107802,158792743,14.808,0.126
12509829,417679274,16.243,1.133
2576962,137316266,14.303,0.137
10140274,159728106,15.922,0.206
8345384,123417161,11.889,0.028
9072639,164559713,12.651,0.046
8890924,270700335,13.451,0.114
4054784,122685540,14.342,0.046
10745365,27987421,14.739,0.183
8396660,185110667,11.336,0.013
9716028,270957857,12.641,0.057
6223324,239228671,15.371,0.126
9773980,275576105,14.673,0.172
10467714,159516505,14.549,0.766
4141593,121011905,13.363,0.092
7778427,268604095,12.653,0.057
6523058,63121826,16.155,0.275
11769689,27396862,14.771,0.103
9457948,158837069,14.851,0.057
4072271,139105893,12.82,0.114
8098212,63076331,14.556,0.08
6369131,138220785,14.581,0.069
7820699,159650492,15.067,0.092
10257229,164556913,13.788,0.103
3539231,122142062,15.07,0.08
6311891,171094135,15.203,0.035
7834045,271765664,15.044,0.15
10663738,159643077,14.894,0.035
7891294,63009058,12.985,0.114
5431027,120575444,14.906,0.08
6070337,171513285,15.884,0.115
5954001,394173427,13.964,0.16
8196226,240193270,13.828,0.114
9002538,164522634,11.644,0.018
5642688,169557237,15.423,0.069
5552562,239226873,15.9,0.126
6186182,120318329,15.506,0.195
4073017,184014202,15.135,0.092
10585749,164834493,14.761,0.137
9579208,158491422,10.391,0.006
9773270,240178613,15.896,0.137
9457728,158787519,10.462,0.006
2303903,137315720,16.177,0.046
9278216,159512841,15.597,0.024
8355131,158494311,15.925,0.24
12645057,299161543,15.263,0.092
4844367,138643168,15.056,0.16
10937749,416527568,14.695,1.03
8332521,185335694,13.93,0.08
4060229,137551593,14.864,0.183
8443527,272272235,11.688,0.02
10907132,48449482,15.751,0.115
6520753,159653911,16.203,0.126
9893468,240178289,13.129,0.103
11655826,298968155,15.492,0.046
1721157,137147684,15.378,0.126
9947653,159300861,13.964,0.114
5253802,120044024,14.058,0.15
12554634,299161330,15.665,0.355
6264750,237190228,14.057,0.092
11290515,298964574,12.369,0.08
8493354,159648579,13.631,0.103
5457326,377909995,15.621,0.103
8628761,275573199,12.944,0.069
4750669,137897022,15.597,0.126
6717252,273776686,14.031,0.092
4902202,350988940,15.61,0.172
11350118,26492310,16.014,0.16
2572029,122516963,13.664,0.08
7905106,272372189,11.963,0.026
9007151,352013316,16.101,0.137
4450844,121215601,10.629,0.007
11181260,243272490,13.626,0.126
2558163,121083766,15.793,0.206
8107611,271541616,13.753,0.126
8752940,63000796,14.668,0.126
4384909,184417746,16.048,0.183
11506654,26419160,14.548,0.103
5687700,399821482,15.781,0.16
8806985,158221180,13.196,0.057
6527078,275567969,13.321,0.069
10120548,123445536,15.957,0.378
4474462,138644533,14.03,0.149
10003058,158661445,14.871,0.137
9031703,271544848,14.463,0.08
12204137,299089212,16.815,0.031
5389956,171028357,15.323,0.183
10662202,407002705,15.598,0.057
3934657,120355636,13.942,0.114
7515336,158555998,12.825,0.069
3557560,378083951,15.31,0.115
12109267,406999438,13.795,0.16
8700895,272173063,15.019,0.069
5003670,122070274,15.146,0.103
12265786,27454385,15.766,0.16
10873178,27905549,14.734,0.137
11337012,48421330,15.521,0.069
8359569,159107209,15.647,0.252
9837828,271165837,16.733,1.133
4857058,169078948,14.518,0.069
9947389,159300992,14.774,0.103
3765917,184243096,15.575,0.035
7833305,271669592,13.129,0.046
12647577,417655232,14.324,0.137
4252671,121784745,13.101,0.126
11153476,267989524,13.891,0.126
6144039,169177370,14.815,0.114
5985713,170650421,12.343,0.069
6839010,123452861,13.734,0.137
9775385,270697641,11.047,0.011
6197344,122066467,14.345,0.24
11357664,27457518,15.604,0.046
7272132,158792327,15.133,0.172
8430053,159763763,13.715,0.092
12458605,406998607,13.557,0.103
4953173,171101826,14.091,0.114
5352640,121732816,16.166,1.133
4048898,121988985,12.068,0.08
4587135,169562440,15.957,0.297
5511659,237158922,15.536,0.195
7583650,123363138,13.832,0.16
3867794,184167563,15.843,0.195
5819801,171506211,12.359,0.069
6276791,121943923,15.486,0.046
10140122,159728077,15.524,0.423
5033823,169182342,13.51,0.126
3223433,121535837,14.947,0.08
8803757,164779604,15.293,0.172
9479306,272845642,16.195,0.138
5437762,121603123,13.876,0.103
4996057,121013297,12.182,0.069
8349399,164676924,14.174,0.069
6043562,137410379,16.043,0.046
4919550,122447324,15.587,0.286
5645170,170344062,15.481,0.103
9110610,274020427,13.722,0.069
5208962,169181408,14.898,0.137
4742188,122440112,15.219,0.057
8301878,63365920,14.327,0.057
10221505,272600463,15.94,0.343
11658036,416282481,14.113,0.137
8397947,185335907,15.8,0.206
6665860,351801919,14.619,0.092
5769810,350987713,13.407,0.057
12071754,27845133,14.414,0.16
10384298,123310203,12.325,0.069
3109550,122130752,12.329,0.057
6131130,138636748,15.864,0.137
4742452,122447813,15.056,0.172
4277304,138973315,14.138,0.126
8626325,63286885,13.135,0.057
3098605,120763468,15.686,0.137
9005321,164785336,16.074,0.24
5563300,171504993,14.864,0.069
12253769,299089415,13.626,0.08
8054719,268824746,15.121,0.092
4762283,184164457,15.517,0.195
3849187,122716726,15.743,0.08
2976017,121395622,14.617,0.183
6786224,270948559,14.359,0.172
11072016,48505185,14.563,0.172
3245969,138568968,15.969,0.115
7902003,271669080,12.522,0.036
11905409,243271113,15.972,1.133
9571186,164416500,15.032,0.114
8973285,273688482,15.847,0.115
3758922,378012496,14.871,0.16
8360041,159178437,14.555,0.103
9782748,272495993,15.933,0.138
2860656,138037172,15.331,0.423
7094944,164412999,15.805,0.137
6425597,120421166,15.61,0.16
10917433,407002201,12.464,0.08
5091479,122064364,15.231,0.16
8874090,158392088,16.211,0.195
8331612,185184560,16.261,0.16
8328916,240193760,14.688,0.114
10155029,272600589,12.17,0.057
11618569,27531737,14.244,0.103
11973517,351193235,16.046,0.126
7345248,352008052,13.287,0.126
6690171,159768333,15.801,0.217
5193659,138425988,15.288,0.172
6220312,184252938,15.651,0.092
6358937,122297250,14.473,0.114
7771181,273140687,15.908,0.092
4366323,137403519,15.962,0.138
2853029,137220262,15.997,0.126
6955671,270781008,15.778,0.206
5097856,137154933,15.017,0.08
8278073,123318083,14.452,0.092
10810859,27916526,15.564,0.069
6767227,158793333,13.102,0.103
2986833,122607543,16.307,0.217
11853130,48503927,16.867,1.133
9345933,275575023,16.343,0.046
11338056,48451025,14.989,0.103
10676750,27771744,15.178,0.149
9581589,158935659,14.59,0.114
11804437,405717775,12.369,0.057
8280511,164414655,13.578,0.16
4813793,350989047,13.117,0.046
7266212,158215933,14.843,0.217
9419020,273042561,16.446,1.133
4270799,138302462,15.446,0.035
8811490,158843421,13.972,0.08
8094120,159442367,13.616,0.069
9935642,164525952,15.166,0.149
7285757,240184288,15.661,0.195
4262040,137217142,11.887,0.046
4840672,138093451,16.393,0.046
7287677,270611164,14.851,0.137
7692248,271348069,15.895,0.149
6691169,63005464,15.743,0.149
6520519,159653738,15.616,0.252
9459162,159049890,13.025,0.08
9969287,273877137,15.839,0.08
10747501,28230355,15.903,0.435
10586744,279844786,14.312,0.149
11970050,27388867,15.909,0.572
5308296,172372549,16.066,0.069
3122872,137892347,11.807,0.057
9702945,158787028,13.616,0.092
11401253,417676838,13.546,0.021
10549902,273047111,14.692,0.126
12416597,27534460,14.941,0.172
10065053,158488286,15.843,0.149
10291589,273594115,15.354,0.126
10118266,123130468,15.149,0.16
5695615,121660680,15.506,0.286
5651846,172374550,15.695,0.217
12401132,298787354,14.315,0.08
6424561,164729904,15.055,0.183
10000162,158211095,15.248,0.195
7949593,158556767,15.215,0.092
7098255,164730883,15.837,0.275
4670361,184164917,14.063,0.103
10584140,164723295,13.8,0.103
8233326,63009976,13.329,0.057
4940203,184296407,14.326,0.114
10935993,28449818,15.041,0.103
5257082,120497372,15.146,0.069
8628665,275573139,15.177,0.103
5881307,138100143,15.692,0.549
4645174,121786521,14.728,0.08
6124137,137408113,13.973,0.057
11657614,299219860,14.929,0.035
5687986,120496643,13.246,0.046
11125797,279917678,13.967,0.114
6543893,169465273,15.522,0.15
6705026,271752712,14.52,0.114
5553959,169081993,15.792,0.012
5384713,169460096,14.649,0.039
6451368,377913228,12.688,0.069
8644365,273690208,13.411,0.092
5888187,139158306,13.71,0.069
3348216,137892839,14.983,0.217
10793576,406948103,14.099,0.149
7047922,271960115,14.467,0.206
5894182,360023399,11.964,0.026
6947668,159767766,15.88,0.103
10290666,273377282,13.194,0.103
3848966,122716702,14.767,0.183
9452897,279911915,16.148,0.183
6209677,138099276,14.811,0.183
9664276,273131793,14.542,0.08
7748487,159306525,15.661,0.309
3219037,120962684,14.888,0.229
5710069,138095900,15.738,0.058
9967009,273378774,16.14,0.275
6200810,122444585,15.318,0.149
3561464,184015844,13.6,0.103
4844470,138643306,14.35,0.114
9995771,164558338,15.455,0.343
9966219,273373114,14.615,0.195
6231721,171094604,15.83,0.149
9536108,271773891,14.507,0.137
8905246,273688701,14.117,0.114
5460434,138969005,11.066,0.012
11922778,27767092,14.934,0.069
2975770,121395761,14.841,0.126
7692093,271348203,15.988,0.081
7772914,273500269,14.789,0.069
3529290,120892388,13.951,0.286
6025124,120421879,14.51,0.172
6277410,121944731,15.622,0.32
9843517,272601878,16.052,1.133
8812045,158933840,14.643,0.126
3101923,121213409,15.062,0.137
5621333,137555966,15.065,0.057
3236705,351059063,15.102,0.046
2849140,122608023,15.45,0.092
8121328,268301403,14.633,0.069
6043538,137410398,15.001,0.423
7289338,270781967,15.609,0.252
5004909,122139098,14.018,0.092
6278670,394172648,13.796,0.114
5898983,169817909,13.306,0.092
5617259,122707980,11.798,0.057
9474756,271773671,15.204,0.023
5308663,172372457,15.938,0.24
6356400,121944544,16.019,0.149
5900235,170244413,14.535,0.206
7517261,158725179,13.564,0.057
5877292,137410708,15.336,0.007
9845909,273131025,15.184,0.16
9221528,275490095,15.035,0.092
6106046,399822065,15.457,0.149
6058816,184427149,13.312,0.103
4263529,351063477,14.128,0.16
7697103,272372834,15.838,0.126
9267996,164891228,14.01,0.183
7093401,123451603,15.545,0.092
4820550,121013026,14.111,0.069
11547869,48504442,17.501,0.046
9973109,268935452,14.772,0.172
5966810,138428341,14.934,0.172
6863158,63006660,16.137,0.4
8308347,271350097,15.706,0.092
10281221,271167188,15.004,0.092
7017372,158167408,14.103,0.183
3128552,138568416,14.749,0.08
6887030,273507543,14.941,0.149
8323764,268483195,17.671,0.047
5008245,122706449,14.236,0.16
4075067,184244064,11.529,0.016
12301181,399955825,13.175,0.114
6891124,268165527,14.535,0.103
9489524,269271535,13.142,0.114
7813039,158725720,13.96,0.08
6531617,271051838,14.787,0.435
4164922,138105005,13.054,0.092
8365739,63010240,15.647,0.069
8827930,271544337,16.131,0.286
6790592,271752221,12.985,0.083
6508221,158387462,14.379,0.103
6952971,275495689,14.636,0.103
4147444,121784567,10.751,0.008
5769943,350987726,17.421,0.047
4638237,120765843,14.053,0.092
12154526,299029323,13.46,0.126
6507433,120899739,15.573,0.046
8765560,272273518,13.931,0.092
8780959,239289191,13.374,0.08
5008501,122706536,14.571,0.103
5184709,122713330,14.892,0.149
7778664,268604182,14.995,0.137
5211199,169814632,13.194,0.114
7834712,271957065,16.07,0.149
9574614,164832748,16.165,1.133
8189801,268484308,16.226,0.126
10028352,273592175,12.682,0.103
10917681,290035378,14.213,0.16
7134626,272375172,13.097,0.08
11246161,26749008,15.162,0.195
10352333,272597853,13.305,0.103
12253474,299029211,12.418,0.046
3764879,184167886,14.211,0.114
7601665,159180435,13.475,0.149
9149789,159176642,15.058,0.08
7051984,272709257,12.9,0.057
7613620,270612012,15.797,0.206
3345675,137549549,16.037,0.172
4947556,169560572,13.447,0.114
7287028,275569674,13.382,0.069
8376848,271885517,15.533,0.092
7300182,272708009,14.445,0.114
9904006,272601590,13.635,0.103
7366501,240184194,15.133,0.149
7296438,271965368,10.132,0.005
9425139,268389395,13.512,0.08
7367164,275494704,14.737,0.103
7671950,158556212,15.248,0.092
9084778,159388907,16.009,0.206
7747103,159105623,15.288,0.092
10674871,271659054,14.912,0.15
11518201,351191565,15.544,0.16
9758032,164835816,15.738,0.103
6974658,274030932,13.552,0.057
9602613,273043474,12.01,0.028
10904004,48131791,14.713,0.137
9605552,273685642,16.28,0.183
2715695,137348756,16.136,0.183
5283728,138641842,15.901,0.16
5374838,138969475,15.704,0.252
6366559,137757298,12.805,0.069
6367663,137902578,14.515,0.16
6368905,138098637,15.924,0.652
6372194,377912610,15.94,0.195
6387557,170251921,14.88,0.046
5294945,168815345,14.715,0.126
3968809,139035260,14.67,0.149
3974928,184471383,14.253,0.15
4063943,138105197,16.183,0.217
4071638,139034698,14.046,0.103
5390913,171099410,12.177,0.028
5394585,171976306,11.892,0.025
5425643,377729751,15.736,0.16
5428199,120107519,14.59,0.2
6425377,120420984,13.636,0.057
6442735,137342352,14.127,0.126
6443093,351073128,14.606,0.126
6509282,121270759,13.685,0.092
6697817,270609457,14.333,0.08
4135912,120315200,14.542,0.057
4150972,122140820,12.324,0.038
5436455,121333398,12.575,0.092
5439000,121790138,14.022,0.114
5443320,122299923,15.668,0.378
6511182,121462911,15.819,0.137
6517064,159309341,14.778,0.172
6517200,159309398,15.703,0.183
6517255,159309388,13.878,0.114
1164301,137313529,14.215,0.092
1429589,122673909,13.297,0.08
1865864,122673202,15.768,0.092
4164511,138040834,13.029,0.092
4241238,120315348,13.717,0.08
5524229,121790416,11.64,0.018
5529385,122445928,13.523,0.092
6543192,169465142,14.595,0.126
6594945,158722718,13.116,0.092
2019199,137637766,14.638,0.114
2158460,122782645,16.208,0.069
4346339,120498930,12.768,0.046
6634112,268166705,14.341,0.092
6675757,158278509,14.15,0.24
2310993,138035770,15.918,0.195
2437653,122364425,15.576,0.092
2555080,120762767,13.71,0.114
4471313,138214989,16.02,0.046
4478142,138972690,14.537,0.137
4484179,184469654,13.134,0.103
5650930,171974705,12.435,0.08
5697395,121945947,15.019,0.126
6805414,268165885,15.55,0.069
6869373,270609921,15.188,0.32
6875342,271537053,14.037,0.229
6879183,272180195,15.712,0.126
4566848,138041926,15.833,0.549
5734702,171505850,12.337,0.057
2861298,138153893,12.406,0.16
4737848,121940748,13.288,0.103
4750962,137971741,13.989,0.08
5793275,137755778,14.806,0.16
5857656,120317720,12.864,0.069
5859725,120578386,13.098,0.092
6719052,274118974,13.784,0.08
6721603,268491782,13.41,0.092
6756369,164647540,14.102,0.08
6765563,158632074,13.992,0.092
6776555,159768233,15.275,0.045
2992634,137485528,14.611,0.114
3001955,138568145,15.724,0.15
3101178,121084378,12.304,0.08
3239171,137634731,15.992,0.24
4761427,184089481,15.988,0.183
4770798,169561191,12.636,0.08
4813750,237192084,15.885,0.149
4833409,122714252,14.049,0.103
5946568,121111999,12.943,0.08
5954894,122296419,12.638,0.04
5965629,138219791,15.754,0.103
6934045,158316820,13.535,0.114
6939913,158926323,15.146,0.115
7009548,123451672,13.003,0.042
3242039,138038118,13.921,0.126
3340165,122683946,14.076,0.08
3355104,378082998,15.925,0.115
4912650,121604023,15.153,0.16
4914221,121865674,12.796,0.103
5981058,169178035,15.497,0.057
6021840,237189356,15.585,0.047
6023571,120252559,13.864,0.057
6025174,399821899,15.039,0.206
3356156,138808189,13.518,0.069
3425363,120572117,15.923,0.08
3428127,120962288,15.633,0.15
3441795,122684271,15.644,0.126
4915582,121947500,13.125,0.126
4918303,122294188,15.696,0.183
4940376,184296264,14.055,0.16
6034379,121943375,17.968,0.047
6034834,121945246,14.316,0.092
6036286,394173057,15.617,0.052
6038152,122442881,14.487,0.149
6043490,137410374,13.543,0.092
6045404,137758946,16.007,0.138
3540873,122376876,14.926,0.057
3548645,137633976,15.737,0.058
4953262,171101926,11.805,0.057
6067545,170734456,13.119,0.172
6115356,121943529,15.666,0.08
3553900,138365585,15.303,0.08
5027859,184296194,16.126,0.515
5036052,169931443,12.865,0.069
6197658,122066445,14.915,0.137
6198670,122136745,15.234,0.217
3646449,137318669,15.689,0.138
3647097,351060980,14.894,0.149
3748239,351061327,13.763,0.126
3751118,137688472,14.681,0.092
5094412,122441010,15.938,0.549
5110453,138728042,13.991,0.069
5166811,120255410,15.778,0.15
6203955,137212325,14.489,0.16
6266866,120318394,11.199,0.01
3229150,122142813,15.484,0.15
11360805,351190880,14.97,0.114
3757521,138570344,12.557,0.08
3834728,120822818,15.282,0.069
5181299,122294767,13.991,0.069
5184144,122706882,15.783,0.137
6309307,170252465,13.101,0.389
3863877,138806430,15.479,0.092
5255259,120255204,16.06,0.137
6346894,120421392,12.424,0.034
6347890,120576995,15.385,0.217
6350031,120900016,14.399,0.126
6359881,122443583,15.182,0.126
6359929,122443568,15.382,0.115
3865815,139105136,12.696,0.069
3955444,351061971,13.392,0.057
9274092,158836624,15.497,0.114
9282853,63363427,16.182,0.652
9292100,272084132,15.282,0.183
9300066,274019503,15.883,0.172
10186761,123310495,13.944,0.126
10191449,164668538,15.125,0.012
10199984,158731082,13.381,0.114
7625138,272706788,11.405,0.013
8507586,272272509,15.307,0.126
8525101,184948833,13.755,0.08
8525286,185059475,13.435,0.103
9304976,269270474,17.111,0.038
9330740,158173222,12.765,0.092
9334027,158659943,14.608,0.183
9363944,268389518,14.051,0.114
10272858,159725993,11.266,0.024
10319834,123414106,15.218,0.103
10339000,62916739,14.48,0.103
7625143,272706766,13.119,0.069
7631138,273772533,14.275,0.069
7662502,164413654,13.596,0.114
7672215,158630209,13.319,0.057
7690782,271048150,14.396,0.126
8547213,158171827,15.311,0.126
8547537,158213677,15.75,0.252
8548454,158319556,14.907,0.137
9391817,352013982,13.12,0.08
9394953,158486882,11.265,0.016
9397862,158935172,14.023,0.126
10387792,164525284,14.25,0.149
10394802,158412743,15.799,0.046
10453009,164557145,14.015,0.092
10459749,158395040,16.195,0.126
7747091,159105604,15.352,0.15
7757620,270524312,13.579,0.137
8570210,271770120,13.791,0.103
8571421,271970425,14.977,0.069
8574794,272939314,15.017,0.103
8613769,158391593,16.106,0.286
9417931,272845853,13.491,0.092
9456887,158660257,14.821,0.217
10470779,63070665,14.837,0.183
10487228,273376720,15.983,0.08
10519727,164723504,13.727,0.114
10525077,158489091,15.592,0.115
10535708,63203637,15.741,0.263
7762153,271261135,15.285,0.103
7767781,272487428,15.501,0.286
7770901,273035623,13.619,0.046
8644545,273865804,13.614,0.069
8644911,273865846,15.658,0.412
8652997,239289739,11.274,0.011
8656535,185285807,13.149,0.08
9466486,63288964,13.384,0.103
9472328,271255205,15.951,0.137
9472341,271255182,16.529,0.183
9475697,272074951,11.338,0.018
9481235,273371179,14.188,0.137
10552151,273595982,14.819,0.092
10552263,273596059,12.449,0.08
10554421,274200752,14.687,0.126
10581308,123494489,13.902,0.126
7812990,158725763,13.807,0.15
7829836,270951576,14.532,0.115
7830953,271159335,15.834,0.16
7836096,272269828,16.116,0.355
7881464,158635514,14.154,0.046
8715589,239236595,13.882,0.069
8741367,158213354,12.465,0.046
9532603,270957160,17.151,0.046
9534832,271546665,16.422,0.24
9536727,272075171,13.837,0.103
9575728,352014265,15.09,0.2
10802364,27009969,15.132,0.137
10809888,351189042,13.863,0.103
10813078,28230054,16.486,0.572
10850327,399827109,13.118,0.103
10855545,299157012,16.223,0.069
10858504,290035560,15.204,0.092
7888863,159577686,15.548,0.217
7917068,268826424,12.826,0.046
8747910,159108107,15.015,0.08
8807988,158391906,13.744,0.08
8814872,159387339,16.231,0.183
9579606,158625967,14.55,0.137
9596820,271546758,13.481,0.046
10601163,63204085,14.284,0.092
10618044,273681243,14.01,0.137
10656842,298837764,12.732,0.046
10658177,158839521,13.393,0.092
10663976,350812413,14.363,0.114
7950158,158635705,13.305,0.08
8841297,268391970,13.63,0.103
8868481,164677815,11.241,0.011
8888745,240180525,15.958,0.309
8890417,270616095,14.038,0.149
9659022,271880662,15.442,0.252
9674789,239311740,13.573,0.137
9723746,272838001,15.355,0.115
10678912,272598843,15.684,0.024
10685764,416528397,12.508,0.057
10737437,27183790,14.205,0.126
10747162,28088545,15.844,1.133
7979297,273499084,14.914,0.069
8005002,351799930,11.755,0.046
8007174,123410543,15.901,0.286
8009811,164464085,11.506,0.046
8016650,158385024,13.707,0.103
8915379,185060933,15.574,0.092
8937555,164882636,12.565,0.08
8946267,159048607,15.57,0.08
9776907,271040990,17.269,0.046
9832379,63205808,16.075,0.138
10865043,26816929,13.883,0.103
10878117,28357788,15.235,0.081
10879899,267990703,12.486,0.08
10933306,28087476,14.793,0.195
8040308,271767124,15.573,0.16
8040457,271956318,14.956,0.092
8044083,272609249,15.805,0.217
8959240,270857144,13.72,0.126
8971044,273242639,15.197,0.08
9011877,158559007,13.822,0.08
9838582,271354960,17.865,0.046
9839030,271424691,14.766,0.103
7018210,158216313,13.719,0.149
8076215,351803777,12.736,0.08
8094942,159522615,14.857,0.114
8099517,63285444,14.019,0.069
8105719,271160137,15.886,0.126
9012244,158659328,13.955,0.069
9018021,159388632,14.759,0.137
9026007,275574220,14.772,0.092
9026248,270520431,12.654,0.08
9044060,274020682,12.997,0.046
9047416,268610964,14.53,0.08
9851638,268387130,15.979,0.32
9881660,158487890,16.028,0.046
9910043,274198308,15.644,0.092
7101726,158216284,15.234,0.08
7125794,270862960,12.959,0.092
7130612,271671969,17.055,0.046
8125917,239239042,14.546,0.046
8129333,184998685,16.876,0.046
8158429,158989996,15.425,0.069
8197176,184998290,17.495,0.046
8197406,185057547,12.525,0.15
9073549,164678125,15.522,0.115
9079671,158559197,12.833,0.069
9079767,158559104,14.538,0.02
9087853,159761807,15.976,0.206
9097470,271256468,15.811,0.103
9935983,164556407,13.916,0.114
9941136,158272852,13.934,0.172
9942658,158490583,14.959,0.126
7132462,271964599,13.719,0.046
7186436,158388745,14.792,0.046
7191523,158927190,14.079,0.16
8223445,158629044,16.132,0.32
9114614,268931174,14.75,0.114
9116510,239276839,15.405,0.024
9953491,63453480,15.893,0.138
9962595,272363671,14.854,0.24
9968924,273877278,13.55,0.103
9993683,123493467,14.706,0.057
7198587,159717412,12.962,0.057
7204233,240184537,14.916,0.126
7205717,270525748,14.002,0.069
7206422,270610916,11.625,0.023
7213311,271760442,14.117,0.046
8279146,123417138,11.007,0.009
8294683,159221403,15.749,0.16
8295087,159305028,13.544,0.092
8307489,271160797,12.122,0.028
9147012,158728787,16.352,0.263
9147029,158728715,15.494,0.252
9157030,63451405,15.943,0.492
9157523,240179925,12.552,0.069
9994381,164455576,15.637,0.103
10007916,159300712,14.929,0.126
7282470,63120112,12.632,0.057
7289139,270781924,15.594,0.16
8352009,279913846,14.348,0.126
8378278,272272013,15.804,0.183
9166700,272366788,11.169,0.046
9173014,273868242,11.369,0.013
9178894,269034784,11.218,0.013
10027861,273378474,15.312,0.183
10064591,158394448,13.332,0.092
10083325,271355688,13.468,0.126
10090854,273130070,15.945,0.217
10098540,269030429,15.597,0.172
7377343,271965698,14.531,0.15
7383840,273142174,15.739,0.046
7416016,351800638,14.81,0.126
7416306,123125465,13.78,0.137
7416646,123199287,13.036,0.126
7440715,159444215,14.805,0.217
8395870,185058719,12.466,0.057
8396288,185110897,16.467,1.133
8415353,164786289,13.804,0.137
8429817,159763790,14.125,0.069
8432249,63209326,14.231,0.057
8439618,271429577,15.577,0.16
9209981,158659779,15.084,0.183
9210738,158728937,14.13,0.114
9214176,159302758,12.227,0.034
9217583,159761539,12.367,0.206
9220614,63451647,14.593,0.229
9224514,270956244,16.138,0.172
9229807,272084378,16.136,0.298
10146103,270696670,14.671,0.114
7458743,271762321,13.88,0.069
7539277,271432895,14.597,0.092
11444772,377781616,16.109,0.115
11444974,377781561,13.795,0.149
11446961,399913996,14.039,0.137
11453930,350810419,13.167,0.114
11456256,424867477,12.373,0.069
11457664,26814184,14.545,0.114
11465658,351191415,15.653,0.183
11493378,48306409,14.169,0.08
11513366,27240462,13.924,0.069
11520114,28158618,16.185,0.046
11520465,28227500,13.91,0.103
11559493,26583244,15.67,0.298
11598638,267666929,13.836,0.069
11598894,48448367,15.649,0.16
11599937,279918597,15.195,0.115
11600299,377781269,13.27,0.114
11601425,405718068,15.037,0.206
11601633,243271755,14.349,0.137
11601972,399825798,13.431,0.16
11614808,27007614,12.969,0.092
11615258,27013196,14.747,0.195
11615521,27083462,13.256,0.126
11616434,27234616,15.967,0.069
11651240,279918702,13.111,0.069
11652427,405688222,13.232,0.126
11674709,28234215,12.276,0.057
11716643,27007316,14.838,0.149
11722217,27775937,16.941,0.049
11773174,351192504,11.777,0.034
11803074,279918978,16.066,0.126
11807906,298968615,14.101,0.103
11811382,406950348,14.059,0.092
11818566,27082772,15.848,0.252
11819396,27233191,15.083,0.378
11824578,27912615,13.423,0.08
11860294,416281989,12.836,0.069
11868941,27082583,13.838,0.126
11905398,243271134,15.893,0.343
11910670,416281813,13.993,0.092
11911929,406999863,13.515,0.08
11923213,27776586,14.277,0.126
11959893,416265806,12.696,0.069
11966643,26885796,13.692,0.092
12007270,298896915,14.008,0.092
12009917,416281664,13.423,0.069
12020376,27533154,13.868,0.114
12066767,27014703,16.149,0.046
12071775,27845077,15.262,0.149
12102775,243270752,15.617,0.252
12105086,298897096,13.277,0.114
12110901,26473676,14.607,0.08
12121701,27911525,15.698,0.183
12168895,27777611,14.637,0.103
12170767,27993654,13.401,0.172
12253490,299029223,15.55,0.114
12300524,399866371,13.22,0.092
12349560,399866283,16.082,0.183
12350136,399949628,15.042,0.103
10967168,399952224,11.989,0.027
10977671,26749762,14.405,0.15
10978581,26815665,12.508,0.057
10979952,27009500,14.011,0.15
10989620,28229538,14.592,0.206
10991389,28449691,15.098,0.183
12401859,298897813,12.476,0.08
12402588,298969976,11.42,0.014
12418418,27778479,14.062,0.092
12505590,299028681,15.708,0.046
12506986,299217760,12.402,0.034
10991431,28449655,14.913,0.092
11021266,399952134,15.695,0.195
11021676,399953501,16.278,0.24
11026582,406948587,14.503,0.16
11036168,27238966,15.271,0.115
11046723,416526998,13.666,0.103
12554212,299090027,13.726,0.114
12690465,416280004,13.888,0.08
12734110,299028117,15.211,0.103
12735793,416279880,12.191,0.032
11069681,48305766,13.652,0.103
11072982,350813182,13.758,0.103
11080702,267669678,14.305,0.069
11082795,350811400,13.923,0.172
11090926,27391761,13.87,0.092
11097752,28232115,12.286,0.069
11098704,28362077,13.787,0.092
11100170,264507783,16.035,0.275
11129145,399951909,13.88,0.092
11145391,27530141,14.824,0.183
11145637,27530133,15.862,0.058
11147785,27773672,12.597,0.057
11152511,28362513,13.694,0.114
11182213,399913523,15.374,0.024
11183752,298964721,15.933,0.149
11191364,424816272,15.982,0.252
11198419,27530405,16.017,0.103
11251991,27530419,10.962,0.009
11298442,26597793,13.173,0.069
11305417,27643046,12.729,0.069
11340218,405687606,14.931,0.149
11341266,399860321,12.894,0.126
11348610,417658279,15.767,0.195
11351454,424867194,15.661,0.08
11355925,27186238,14.332,0.126
11391512,48507118,16.226,0.767
11393248,405718580,15.672,0.103
11393633,243272143,15.197,0.114
11407847,27084151,15.638,0.355
11414368,27990564,15.207,0.092
8355178,158494321,15.873,0.24
8374077,271350315,16.008,0.24
8494783,63001346,11.947,0.023
8590149,185059528,15.317,0.206
3559935,139036554,14.627,0.08
3559860,139036617,15.906,0.092
6364582,137408775,13.043,0.057
5471158,169558074,15.869,0.08
10407086,63454618,12.973,0.092
2019477,137684059,13.486,0.114
8158127,158931258,14.634,0.092
2852810,137220309,12.743,0.08
8822421,275573755,15.563,0.115
4472818,138477646,12.802,0.092
8934103,164522561,15.551,0.103
9551430,239278642,15.744,0.092
3532985,121457384,11.875,0.04
10718726,405719849,15.087,0.183
3229028,394179406,13.086,0.114
5956656,122597885,15.986,0.013
9093086,270520098,14.769,0.126
9015738,159096688,11.626,0.017
7954278,159179539,15.503,0.035
9145861,158626827,12.299,0.069
9153823,159761678,15.653,0.195
10089911,272843289,13.495,0.092
3747817,137319097,15.203,0.057
8162789,159450616,14.289,0.481
5613330,394174221,13.36,0.137
3545840,137318531,10.857,0.008
3634051,121457557,13.563,0.114
6975129,274030824,13.01,0.057
9389245,164669854,11.25,0.014
9828127,159395366,15.124,0.286
5177859,121865123,13.439,0.126
3645438,137151626,16.076,0.138
4139254,120683917,12.019,0.025
10141900,63130782,15.965,0.298
4255944,122140710,13.191,0.057
9655711,271041461,16.092,0.229
5856571,120105003,13.483,0.08
8222395,158484449,13.579,0.126
8107150,271430816,13.845,0.103
4464394,137216641,13.511,0.114
4739229,122070826,12.731,0.08
8620565,159304258,14.895,0.138
4742420,122447762,15.589,0.15
9727765,273685050,13.254,0.08
9974142,269356465,13.886,0.114
9008103,158172722,15.15,0.069
11296045,26415442,12.977,0.092
5306984,171879429,13.084,0.092
10198662,158561428,11.901,0.046
4157325,137217372,14.166,0.092
10200627,158838665,15.437,0.126
8242769,271430330,15.63,0.549
10964440,377782430,14.646,0.137
5428657,120255013,0,0
5629353,377915723,14.754,0.092
10414727,271878008,12.984,0.092
4736569,121734006,16.004,0.149
4078157,184554469,15.307,0.046
5816144,170257633,14.338,0.149
11074835,399826741,13.562,0.092
5792202,137556626,15.822,0.069
6032730,121729614,8.609,0.002
6116172,122066443,14.097,0.092
11296437,26418690,11.675,0.02
11341164,399826239,12.307,0.092
11462969,27531332,13.999,0.08
6221385,184426431,14.49,0.126
11656928,299154269,12.959,0.08
7825899,275493574,15.506,0.115
6946681,159652665,12.321,0.035
6946708,159652738,14.469,0.149
11775507,28226547,12.198,0.046
11856178,399914697,11.78,0.046
6768394,158923465,13.95,0.137
10545066,271877680,14.064,0.126
7663405,164529393,15.647,0.217
11358389,27530849,14.771,0.08
5706595,137411225,15.467,0.024
12885212,267744730,15.727,0.275
3548044,137550286,13.997,0.206
8168187,63366291,14.505,0.069
9605514,273685548,15.104,0.149
9418619,273042650,10.414,0.007
7835312,271967356,15.516,0.149
9221517,275490034,13.896,0.103
11623629,28227113,11.27,0.018
10730703,26538999,15.319,0.092
7289317,270782121,14.898,0.114
7375348,271671025,11.592,0.021
1432789,137307173,15.427,0.08
12266636,27639443,14.429,0.069
7974634,272488531,12.266,0.057
8182107,272940868,14.623,0.114
8163784,159578585,14.689,0.172
5184911,137090755,15.554,0.035
6436029,159102744,15.987,0.08
7767162,272269239,13.864,0.126
9478990,272836943,14.355,0.172
11404644,26748546,15.421,0.16
8165617,63002131,12.451,0.057
8223568,158629002,11.6,0.015
9838804,271355080,16.203,0.069
9020114,159647219,15.097,0.103
7983117,268160366,12.128,0.057
11974540,27992902,13.282,0.183
7219825,272944990,14.129,0.069
9958962,271355361,15.021,0.058
1718189,122673489,14.478,0.126
8263187,240193568,17.659,0.046
9518710,158664977,12.041,0.026
8218379,164883912,14.866,0.172
5706592,137411248,15.43,0.16
8364232,159720814,15.934,0.103
6670742,164674459,9.199,0.003
6697976,270609412,15.022,0.114
7592529,158169985,11.95,0.027
7592922,158215406,15.63,0.206
7602351,159306933,15.101,0.114
8362974,159521852,14.805,0.172
9301564,268311667,14.067,0.114
10089123,272839370,14.399,0.195
8555967,159385594,14.85,0.16
3547760,137550141,15.026,0.195
3854496,137688700,16.12,0.241
3936061,399819457,14.952,0.103
3972432,184243809,14.651,0.126
5860347,120688913,13.376,0.103
6715997,273506717,14.558,0.057
6763884,158427089,12.28,0.027
6768616,158925786,15.223,0.137
8394475,239306591,12.714,0.069
9340411,159581619,13.226,0.069
10163067,268381536,12.726,0.297
11241560,407001378,15.571,0.08
11244571,26584013,14.007,0.092
11282568,48216037,11.625,0.034
11286311,350813593,15.117,0.172
8043638,272488625,14.863,0.08
11176166,48217852,14.593,0.16
1293379,122784048,16.065,0.309
4076061,184299454,16.237,0.046
5951140,121792151,15.258,0.114
5966732,138428320,15.897,0.298
6842345,164673717,15.807,0.275
6853172,158794691,15.401,0.195
6859546,159447294,15.405,0.046
7687365,270524453,15.489,0.206
7700500,273035393,16.225,0.046
8442795,272173987,15.156,0.069
8443812,272369729,15.411,0.114
9397900,158935241,12.868,0.069
9458266,158842040,14.097,0.092
10264293,158488619,15.759,0.137
10290021,273374617,9.978,0.005
11288492,399911517,14.554,0.137
11288772,399913745,14.029,0.114
11296724,26492594,15.735,0.206
1871483,137487738,16.057,0.08
2161949,351055067,14.739,0.126
5083138,120766619,15.874,0.183
5087223,121460327,16.196,0.595
5092799,122138967,16.378,0.058
6019971,390205911,15.412,0.126
6864706,63213486,14.954,0.069
6867219,240185221,15.259,0.309
6878408,271963831,16.165,0.115
7755741,63373833,13.646,0.104
9480398,273132618,12.709,0.103
9490342,239278374,13.932,0.114
9513168,164832632,17.228,0.046
12116489,27231753,15.067,0.126
11411639,27648122,15.881,0.126
2283362,120762362,15.926,1.133
2301068,122782423,12.931,0.057
2422820,120762676,15.615,0.092
4274071,377906475,14.809,0.172
4282390,184417715,13.867,0.183
5115688,184247369,14.138,0.126
6045093,137756381,15.047,0.08
6057750,184253453,13.632,0.103
8391983,269265780,15.645,0.08
6947623,159767666,14.736,0.126
7811211,158551257,14.786,0.092
7812893,158725856,16.025,0.252
7816935,159220032,15.247,0.172
7868967,123313746,16.33,0.2
8489260,159098034,15.864,0.126
10388451,164557802,16.654,0.343
10396708,158663092,14.899,0.069
11495989,279918401,14.714,0.149
11551652,399954374,11.389,0.012
2449245,137817515,15.442,0.126
2557350,120970827,16.236,1.133
4372620,138302074,13.539,0.092
5171707,121013577,15.785,0.263
6111011,121271424,15.577,0.183
6128245,138099572,14.831,0.057
6956176,270863495,13.719,0.092
7902204,271765742,16.015,0.332
8566113,270954112,13.131,0.114
9588862,63129380,14.687,0.069
9596064,271354265,16.322,0.126
9596892,271546746,15.898,0.252
10450504,123446096,16.01,0.137
10464199,159052053,12.162,0.037
11602794,399950981,15.7,0.058
5193439,138299638,14.646,0.206
5215508,170739287,11.432,0.014
6187508,120495756,15.316,0.057
6209225,138097360,13.957,0.126
7939761,123498549,14.328,0.126
8613446,158326749,15.668,0.115
8624860,63065753,13.851,0.057
8625408,63075084,13.11,0.057
8686442,159451983,14.996,0.137
8693536,270521354,14.369,0.069
9635520,164781040,14.281,0.114
9639106,158324905,15.718,0.08
9640123,158491162,14.065,0.103
10546063,272079612,15.836,0.016
11650543,48504247,13.503,0.069
11671646,27846648,15.012,0.022
11672354,27913217,15.892,0.172
2716979,137548150,13.409,0.092
2834463,120963278,14.402,0.103
4567118,138042106,14.326,0.126
5263167,121465281,15.615,0.332
6265961,120105549,13.774,0.092
7103300,158317157,11.403,0.013
8007675,123416719,12.052,0.069
9651602,63452763,15.427,0.08
10586619,352015839,15.158,0.069
11773625,27912739,13.567,0.069
2970670,120693645,14.019,0.092
2994092,137635516,16.078,1.133
8297017,159522005,11.088,0.01
5295206,168815461,13.913,0.114
6307000,169466191,16.263,0.869
6345758,120253642,15.041,0.114
8016692,158384933,13.137,0.057
8042644,272371388,15.389,0.103
8760760,271162374,15.644,0.183
8807057,158274926,13.621,0.069
9658089,271662432,14.866,0.103
9674320,239285928,14.866,0.183
9693803,164457469,15.859,0.058
10659624,299222403,13.599,0.103
10665228,26539075,16.008,0.298
11825996,28159618,13.352,0.092
11854636,405688635,15.721,0.126
11904704,405688807,14.97,0.172
6368222,138097803,13.597,0.103
6372268,377912676,11.564,0.021
7135549,272485013,13.969,0.08
8091197,159098985,13.999,0.114
8098960,63210175,15.509,0.08
8815279,159440581,15.647,0.583
8845552,239288924,15.762,0.183
9726452,273379700,14.914,0.035
9790965,268380075,13.539,0.126
9811915,123308870,15.972,0.355
10665749,26539181,15.559,0.092
10670112,270695280,13.54,0.092
10680424,28088207,16.277,1.133
5897826,169555898,13.242,0.092
3240158,137815803,14.984,0.046
2837111,121276933,14.958,0.046
3246867,377871739,14.813,0.092
3249334,138808477,16.028,0.126
3324069,120629011,13.381,0.092
4760959,184089424,15.995,0.058
4764969,184468710,12.445,0.092
4830859,122440425,15.124,0.137
5353938,121942019,15.86,0.069
5380812,184559498,10.86,0.008
6423922,120106078,16.56,0.2
6436505,394172196,15.811,0.08
8488381,158989386,14.045,0.126
8115647,273238577,15.103,0.103
8120820,268159777,14.943,0.034
8881169,159303598,14.793,0.172
8953278,63074285,15.65,0.16
9821428,158393971,14.903,0.092
9837013,270958153,14.922,0.103
10751908,264509419,15.521,0.115
10812541,28088879,15.468,0.252
12016243,26885539,15.512,0.149
11129738,298836607,15.986,0.252
4860678,169932440,15.119,0.114
7765528,271967039,15.084,0.092
5456979,138641224,15.883,0.126
5466109,184559770,15.434,0.103
7217088,272374738,15.231,0.069
8145958,164409950,13.395,0.092
8155654,158629205,15.303,0.092
8167504,63285703,14.479,0.08
8958811,270787441,13.649,0.126
8958939,270787347,15.517,0.103
10815677,28450337,15.841,0.092
10848097,279917186,15.092,0.206
10866969,27183456,15.239,0.126
12067960,27309290,15.458,0.069
6307083,169819920,12.341,0.057
7620413,271763415,14.886,0.092
11705004,399954605,16.173,0.195
2854181,351057636,15.4,0.069
5978559,360023295,14.976,0.183
6867555,275496016,15.391,0.138
3346543,137687381,14.173,0.114
3356193,138808368,16.163,0.081
7335514,123199429,13.579,0.114
8180290,272489243,14.507,0.114
9025739,275490554,14.916,0.103
9909965,274198319,14.585,0.08
9932197,123227470,14.414,0.172
10932270,27916189,12.348,0.046
12304728,416280904,14.478,0.08
7778767,268604100,15.846,0.195
9026749,270616541,14.196,0.149
10916600,267749620,13.377,0.069
6198182,394172692,12.123,0.08
5695396,121660708,11.493,0.016
6964929,272183546,15.003,0.137
3545626,137318624,15.28,0.069
3547178,137484253,12.434,0.069
3548622,137633880,14.716,0.15
4939265,184164081,14.324,0.092
8308516,271350074,13.341,0.092
5552808,239226764,12.082,0.025
5564082,171582005,10.703,0.008
6551106,171510535,15.48,0.069
6584278,164646426,13.912,0.08
6590726,158278645,15.35,0.332
7345335,352008077,15.027,0.16
8227086,159098724,15.832,0.229
8227464,159106766,12.976,0.069
9085039,159388851,13.918,0.172
9099773,271772308,15.092,0.24
9943009,158560942,12.788,0.092
9959093,271424281,13.381,0.08
11019739,243272826,15.755,0.378
8709688,274022334,15.152,0.114
2716801,137548281,15.96,0.229
11810124,416282121,15.421,0.149
9349757,271255614,15.35,0.103
9117416,239287963,13.103,0.069
3663494,184167983,15.629,0.172
4995716,120902222,15.908,0.103
5597361,258349075,14.831,0.069
5617510,122712267,11.189,0.01
6603765,159653696,15.613,0.252
7381580,272714552,15.27,0.069
8248103,272608399,15.121,0.16
8256882,268302875,14.14,0.092
8283875,164786550,16.191,0.115
9150870,159389344,15.655,0.183
10002049,158488159,15.472,0.206
10019854,271424136,15.068,0.115
11068630,48188449,15.75,0.081
11092783,27646878,16.687,0.069
12454800,298961802,13.947,0.114
12458817,406998693,15.528,0.092
12519942,27778713,14.982,0.08
12555616,267673361,13.914,0.103
7100673,279915941,12.734,0.092
3937814,120692095,15.353,0.263
4548098,121215807,12.696,0.069
3733638,121123521,13.647,0.069
3748855,137402010,14.981,0.137
3765692,184243125,16.035,0.309
5021432,378088143,13.818,0.092
5633259,184092585,15.267,0.08
5702770,122708167,15.085,0.149
6614748,270947931,15.382,0.298
6628926,273505256,14.281,0.114
6664842,123315911,14.586,0.126
6665064,123364486,15.223,0.069
6670610,164674454,16.047,0.057
7447895,63368247,14.874,0.126
7461521,272185288,14.822,0.103
7537660,271158269,13.282,0.057
9203154,164670196,15.828,0.332
9221627,275490004,15.07,0.103
10053138,123130509,13.87,0.114
10066755,158663760,12.428,0.08
10070479,159225919,15.702,0.092
11182260,399913539,13.481,0.115
11187972,407001544,12.157,0.028
8773015,273866337,13.278,0.057
9883606,158730471,13.929,0.08
9100953,272073436,16.077,0.103
10079420,270619504,11.417,0.014
11559304,26541506,17.09,0.2
4735826,121604440,11.23,0.034
2861126,138153649,16.069,0.012
8105398,271046694,13.22,0.126
4758350,138893017,13.088,0.08
4862625,170348142,13.841,0.149
3965201,138645980,12.672,0.103
4862924,170644045,14.71,0.16
5271090,122446527,15.622,0.286
5444276,122446192,12.78,0.069
5878506,137756022,15.724,0.126
6443274,137408854,15.285,0.069
6876575,271757301,9.712,0.004
8096395,159719963,11.719,0.023
8168509,63448859,13.998,0.08
8297319,159521961,15.228,0.183
8423344,158844397,16.345,0.297
8444868,272607576,13.739,0.137
8682094,158933648,15.999,0.046
8677057,158213445,16.062,0.16
8702537,272491864,13.237,0.057
9043947,273867746,13.417,0.114
8880317,159177229,13.827,0.149
10253977,123414085,14.556,0.149
10351947,272281700,12.968,0.08
10160922,273876595,15.889,0.206
10198225,158490073,12.8,0.08
10214341,271039879,14.813,0.092
10515564,351898679,15.077,0.16
10321972,164456647,15.686,0.355
10331279,158663173,15.392,0.183
5802205,138967951,11.369,0.014
5858919,399821647,12.605,0.046
10907307,48449517,12.471,0.046
10403228,159643660,17.109,0.046
10407191,63454505,0,0
5955197,122298773,15.909,0.08
6114140,121731426,15.667,0.286
11338091,48451014,11.088,0.011
11446424,399860466,16.116,0.218
10452252,164456518,16.06,0.2
6507334,158217298,14.82,0.092
11872364,27685142,15.29,0.195
12554485,299096985,14.553,0.137
10536241,63204190,14.98,0.137
10790401,299156332,13.842,0.103
12647757,417655304,13.412,0.103
3629119,120692691,14.24,0.092
4446859,120573791,14.052,0.08
9084569,159303125,12.615,0.069
9087580,159722822,15.353,0.137
9099607,271772210,14.393,0.172
10844823,48304734,15.511,0.115
10862759,424865827,13.785,0.08
10920281,26539759,16.349,0.252
11032748,26817387,14.783,0.149
4572728,378086761,12.883,0.08
5098334,137215006,13.682,0.103
9142714,158172860,16.146,0.24
9210820,158728951,15.461,0.114
9227215,271545489,15.281,0.103
9278575,159519546,13.505,0.069
11139682,26751713,15.545,0.172
11182706,399953734,12.92,0.08
11294822,290034561,15.32,0.115
5683219,258203160,13.673,0.08
5956171,122445117,14.76,0.195
9390228,164780607,15.871,0.138
9469494,270617871,11.74,0.023
9521317,159170863,12.924,0.08
11296205,26415413,14.535,0.172
11350634,26540873,12.984,0.103
11358305,27530971,13.444,0.08
11392362,377781710,14.978,0.195
11443757,48504540,13.815,0.092
8439949,271429722,14.422,0.08
8527297,185336737,14.114,0.137
6356506,121944627,15.049,0.137
11453349,417658032,14.882,0.057
8608544,164671104,14.027,0.08
8708961,273865996,14.209,0.092
7832787,271540620,15.093,0.035
8022520,159106319,13.927,0.126
9604563,273380259,15.213,0.069
9640649,158560319,15.975,0.824
9650579,63289510,14.914,0.046
9650762,63289526,15.194,0.252
11714107,26656980,15.602,0.149
11904835,405688796,15.954,0.206
8329346,240193994,15.915,0.058
8637903,272368764,14.076,0.08
8673511,164677562,14.063,0.069
9011955,158627211,15.362,0.092
9159288,270616870,14.669,0.16
8873873,158326249,12.108,0.029
9592621,270618175,16.59,0.275
12156930,267746440,13.874,0.069
12266099,27533981,14.756,0.069
12307496,26474800,14.447,0.149
12602999,417655328,12.337,0.032
9268159,164891275,10.582,0.007
9468848,270519063,13.834,0.103
9873004,351897856,16.046,0.229
9899345,271547901,15.043,0.103
9906688,273372875,15.666,0.172
2284957,120963958,14.701,0.057
3663850,184167959,13.015,0.057
12168280,27686277,10.473,0.006
9938836,164998842,13.932,0.115
10011213,62917390,15.688,0.332
10028127,273378429,15.896,0.252
10128825,158270989,14.886,0.195
10155286,272600658,10.897,0.016